label,latitude,longitude,heading_deg,right_is_open,left_is_open,line_is_stop,signal_is_stop,isnot_skipnum,node
0,35.6497354,139.5025299,95.641858,1.5,1.5,0,0,1,0
1,35.6497319,139.5025735,100.235355,1.5,1.5,0,0,1,-1
2,35.6497254,139.5026178,98.864134,1.5,1.5,0,0,1,-1
3,35.6497199,139.5026612,93.994059,1.5,1.5,0,0,1,-1
4,35.6497191,139.5026753,32.008403,1.5,1.5,0,0,1,1
5,35.6497204,139.5026763,23.988703,1.5,1.5,0,0,1,-1
6,35.649754,139.5026947,41.686843,1.5,1.5,0,0,1,-1
7,35.6497811,139.5027244,74.826120,1.5,1.5,0,0,1,-1
8,35.6497904,139.5027666,90.000000,1.5,1.5,0,0,1,2
9,35.6497904,139.5027668,103.919390,1.5,1.5,0,0,1,-1
10,35.6497817,139.50281,117.926620,1.5,1.5,0,0,1,-1
11,35.6497646,139.5028497,149.983879,1.5,1.5,0,0,1,-1
12,35.6497345,139.5028711,179.617335,1.5,1.5,0,0,1,-1
13,35.649698,139.5028714,186.864491,1.5,1.5,0,0,1,-1
14,35.6496953,139.502871,90.000000,1.5,1.5,0,0,1,3
15,35.6496953,139.5028713,264.976513,1.5,1.5,0,0,1,-1
16,35.6496952,139.5028699,283.827088,1.5,1.5,0,0,1,-1
17,35.6496955,139.5028684,278.208249,1.5,1.5,0,0,1,-1
18,35.6496987,139.5028411,281.094286,1.5,1.5,0,0,1,-1
19,35.6497016,139.5028229,277.458603,1.5,1.5,0,0,1,-1
20,35.6497021,139.5028182,281.912685,1.5,1.5,0,0,1,-1
21,35.6497045,139.5028042,267.390342,1.5,1.5,0,0,1,-1
22,35.6497042,139.5027961,279.080307,1.5,1.5,0,0,1,-1
23,35.6497082,139.5027653,276.791527,1.5,1.5,0,0,1,-1
24,35.6497097,139.5027498,284.918434,1.5,1.5,0,0,1,-1
25,35.6497118,139.5027401,276.805124,1.5,1.5,0,0,1,-1
26,35.649715,139.5027071,282.811103,1.5,1.5,0,0,1,-1
27,35.6497201,139.5026795,320.902852,1.5,1.5,0,0,1,1
28,35.6497202,139.5026794,180.000000,1.5,1.5,0,0,1,-1
29,35.64972,139.5026794,193.500343,1.5,1.5,0,0,1,-1
30,35.6496848,139.502669,188.428714,1.5,1.5,0,0,1,-1
31,35.6496508,139.5026628,194.549336,1.5,1.5,0,0,1,-1
32,35.6496245,139.5026544,181.767477,1.5,1.5,0,0,1,7
33,35.6496166,139.5026541,178.974030,1.5,1.5,0,0,1,-1
34,35.6495803,139.5026549,150.135510,1.5,1.5,0,0,1,-1
35,35.6495486,139.5026773,120.819049,1.5,1.5,0,0,1,-1
36,35.6495295,139.5027167,103.414035,1.5,1.5,0,0,1,-1
37,35.6495245,139.5027425,87.082011,1.5,1.5,0,0,1,6
38,35.6495252,139.5027594,75.989252,1.5,1.5,0,0,1,-1
39,35.649534,139.5028028,47.644217,1.5,1.5,0,0,1,-1
40,35.6495583,139.5028356,24.040894,1.5,1.5,0,0,1,-1
41,35.649592,139.5028541,17.639237,1.5,1.5,0,0,1,-1
42,35.6495943,139.502855,67.696186,1.5,1.5,0,0,1,5
43,35.6495944,139.5028553,99.133288,1.5,1.5,0,0,1,-1
44,35.6495889,139.5028974,99.286207,1.5,1.5,0,0,1,-1
45,35.6495832,139.5029403,73.323909,1.5,1.5,0,0,1,-1
46,35.6495869,139.5029555,4.888977,1.5,1.5,0,0,1,-1
47,35.649623,139.5029593,354.602266,1.5,1.5,0,0,1,-1
48,35.6496273,139.5029588,2.879034,1.5,1.5,0,0,1,4
49,35.649658,139.5029607,351.303488,1.5,1.5,0,0,1,-1
50,35.649675,139.5029575,288.776350,1.5,1.5,0,0,1,-1
51,35.6496871,139.5029137,282.080290,1.5,1.5,0,0,1,-1
52,35.6496875,139.5029114,276.509168,1.5,1.5,0,0,1,-1
53,35.6496889,139.5028963,279.743524,1.5,1.5,0,0,1,-1
54,35.6496895,139.502892,279.473344,1.5,1.5,0,0,1,-1
55,35.6496911,139.5028802,264.377353,1.5,1.5,0,0,1,3
56,35.6496909,139.5028777,193.158920,1.5,1.5,0,0,1,-1
57,35.6496551,139.5028674,193.944173,1.5,1.5,0,0,1,-1
58,35.6496191,139.5028564,189.473797,1.5,1.5,0,0,1,-1
59,35.6495967,139.5028518,270.000000,1.5,1.5,0,0,1,5
60,35.6495967,139.502851,267.762743,1.5,1.5,0,0,1,-1
61,35.6495965,139.5028447,279.441904,1.5,1.5,0,0,1,-1
62,35.649597,139.502841,271.137104,1.5,1.5,0,0,1,-1
63,35.6495972,139.5028286,284.807755,1.5,1.5,0,0,1,-1
64,35.649603,139.5028016,276.874851,1.5,1.5,0,0,1,-1
65,35.6496059,139.502772,281.285723,1.5,1.5,0,0,1,-1
66,35.6496089,139.5027535,279.526174,1.5,1.5,0,0,1,-1
67,35.6496092,139.5027513,280.258021,1.5,1.5,0,0,1,-1
68,35.6496102,139.5027445,277.618853,1.5,1.5,0,0,1,-1
69,35.6496107,139.5027399,277.618853,1.5,1.5,0,0,1,-1
70,35.6496107,139.5027399,284.977417,1.5,1.5,0,0,1,-1
71,35.6496112,139.5027376,279.970900,1.5,1.5,0,0,1,-1
72,35.6496118,139.5027334,277.458595,1.5,1.5,0,0,1,-1
73,35.6496123,139.5027287,282.993129,1.5,1.5,0,0,1,-1
74,35.6496132,139.5027239,279.076001,1.5,1.5,0,0,1,-1
75,35.6496159,139.5027031,285.100915,1.5,1.5,0,0,1,-1
76,35.6496225,139.502673,278.266211,1.5,1.5,0,0,1,-1
77,35.6496242,139.5026586,280.174332,1.5,1.5,0,0,1,7
78,35.6496249,139.5026538,284.630098,1.5,1.5,0,0,1,-1
79,35.6496319,139.5026208,270.915635,1.5,1.5,0,0,1,-1
80,35.6496321,139.5026054,283.027339,1.5,1.5,0,0,1,-1
81,35.649639,139.5025687,274.659218,1.5,1.5,0,0,1,-1
82,35.649641,139.5025385,285.729098,1.5,1.5,0,0,1,-1
83,35.6496456,139.5025184,275.095914,1.5,1.5,0,0,1,-1
84,35.6496471,139.5024977,305.547926,1.5,1.5,0,0,1,-1
85,35.6496543,139.5024853,359.739171,1.5,1.5,0,0,1,-1
86,35.64969,139.5024851,11.174175,1.5,1.5,0,0,1,-1
87,35.6497262,139.5024939,42.194465,1.5,1.5,0,0,1,-1
88,35.6497409,139.5025103,96.581175,1.5,1.5,0,0,1,-1
89,35.6497388,139.5025327,96.581175,1.5,1.5,0,0,1,0
