label,x,y,z,q1,q2,q3,q4,right_is_open,left_is_open,line_is_stop,signal_is_stop,isnot_skipnum,node
0,27949.090863,44601.043346,-221.483817,0.000000000,0.000000000,-0.292827602,0.956165255,0,0,0,0,1,-1
1,27953.288009,44598.238263,-221.482510,0.000000000,0.000000000,-0.196080341,0.980587834,0,0,0,0,1,-1
2,27958.699233,44596.014002,-221.490598,0.000000000,0.000000000,0.621548117,0.783375988,0,0,0,0,1,-1
3,27958.814728,44596.513680,-221.494609,0.000000000,0.000000000,-0.985240505,0.171175781,0,0,0,0,1,-1
4,27956.142757,44595.550995,-221.476157,0.000000000,0.000000000,-0.512285035,0.858815488,0,0,0,0,1,-1
5,27958.878810,44590.544322,-221.453016,0.000000000,0.000000000,-0.142289846,0.989825035,0,0,0,0,1,-1
6,27963.476561,44589.216256,-221.463834,0.000000000,0.000000000,-0.064343177,0.997927831,0,0,0,0,1,-1
7,27967.351077,44588.729190,-221.477387,0.000000000,0.000000000,0.102959495,0.994685550,0,0,0,0,1,-1
8,27972.247516,44589.765487,-221.506104,0.000000000,0.000000000,0.062783474,0.998027172,0,0,0,0,1,-1
9,27976.569042,44590.322847,-221.528946,0.000000000,0.000000000,-0.038263825,0.999267672,0,0,0,0,1,-1
10,27980.929394,44590.003761,-221.545814,0.000000000,0.000000000,0.010825185,0.999941406,0,0,0,0,1,-1
11,27984.531864,44590.092825,-221.562226,0.000000000,0.000000000,-0.092874514,0.995677822,0,0,0,0,1,-1
12,27989.272274,44589.220154,-221.576882,0.000000000,0.000000000,0.094333953,0.995540610,0,0,0,0,1,-1
13,27993.232853,44589.987201,-221.599624,0.000000000,0.000000000,-0.017622593,0.999844710,0,0,0,0,1,-1
14,27996.709866,44589.876149,-221.614089,0.000000000,0.000000000,0.321503350,0.946908441,0,0,0,0,1,-1
15,27999.099824,44591.714525,-221.637463,0.000000000,0.000000000,0.585407341,0.810739320,0,0,0,0,1,-1
16,28000.259467,44595.235575,-221.667247,0.000000000,0.000000000,-0.755787621,-0.654816823,0,0,0,0,1,-1
17,27999.467757,44600.592359,-221.701355,0.000000000,0.000000000,0.697402601,0.716679574,0,0,0,0,1,-1
18,27999.555273,44604.209879,-221.727120,0.000000000,0.000000000,-0.735677878,-0.677331573,0,0,0,0,1,-1
19,27999.190499,44608.436239,-221.755175,0.000000000,0.000000000,-0.772648115,-0.634834537,0,0,0,0,1,-1
20,27998.037386,44614.146946,-221.790194,0.000000000,0.000000000,0.696800894,0.717264605,0,0,0,0,1,-1
21,27998.133590,44617.864356,-221.816705,0.000000000,0.000000000,-0.710916202,-0.703276726,0,0,0,0,1,-1
22,27998.075295,44622.014015,-221.845576,0.000000000,0.000000000,-0.807773754,-0.589492631,0,0,0,0,1,-1
23,27996.719957,44626.181761,-221.868888,0.000000000,0.000000000,0.659269848,0.751906422,0,0,0,0,1,-1
24,27997.264903,44630.399904,-221.900890,0.000000000,0.000000000,0.637130098,0.770756277,0,0,0,0,1,-1
25,27998.194906,44635.318303,-221.939499,0.000000000,0.000000000,0.637278343,0.770633709,0,0,0,0,1,-1
26,27998.894596,44639.026527,-221.968605,0.000000000,0.000000000,0.553035519,0.833157677,0,0,0,0,1,-1
27,28000.637650,44643.181886,-222.005427,0.000000000,0.000000000,0.170748633,0.985314622,0,0,0,0,1,-1
28,28002.319995,44643.786386,-222.017050,0.000000000,0.000000000,0.031933319,0.999490002,0,0,0,0,1,-1
29,28007.371748,44644.124156,-222.041578,0.000000000,0.000000000,-0.065706520,0.997838992,0,0,0,0,1,-1
30,28009.984802,44643.788457,-222.050683,0.000000000,0.000000000,-0.291967197,0.956428333,0,0,0,0,1,-1
31,28011.826115,44642.562649,-222.050152,0.000000000,0.000000000,-0.711295963,0.702892633,0,0,0,0,1,-1
32,28011.812926,44641.053573,-222.039497,0.000000000,0.000000000,-0.308363972,0.951268448,0,0,0,0,1,-1
33,28013.925364,44639.540132,-222.038137,0.000000000,0.000000000,0.258469204,0.966019498,0,0,0,0,1,-1
34,28016.029075,44640.756239,-222.055906,0.000000000,0.000000000,-0.058239791,0.998302623,0,0,0,0,1,-1
35,28021.552266,44640.130172,-222.075745,0.000000000,0.000000000,0.175005196,0.984567510,0,0,0,0,1,-1
36,28027.768650,44642.424510,-222.119140,0.000000000,0.000000000,0.162015656,0.986788188,0,0,0,0,1,-1
37,28031.430454,44643.667749,-222.143945,0.000000000,0.000000000,-0.942157787,-0.335169665,0,0,0,0,1,-1
38,28002.967624,44666.601478,-222.180152,0.000000000,0.000000000,-0.798915582,-0.601443175,0,0,0,0,1,-1
39,27999.971651,44676.844550,-222.238992,0.000000000,0.000000000,-0.879560914,-0.475786295,0,0,0,0,1,-1
40,27996.903522,44681.483997,-222.258146,0.000000000,0.000000000,-0.942478781,-0.334265984,0,0,0,0,1,-1
41,27995.801868,44682.368178,-222.259530,0.000000000,0.000000000,-0.956085164,-0.293088996,0,0,0,0,1,-1
42,27994.646529,44683.141231,-222.259898,0.000000000,0.000000000,-0.988770422,-0.149442474,0,0,0,0,1,-1
43,27991.112429,44684.217441,-222.251970,0.000000000,0.000000000,-0.998106013,-0.061517377,0,0,0,0,1,-1
44,27990.932224,44684.239063,-222.251332,0.000000000,0.000000000,-0.974137981,-0.225953964,0,0,0,0,1,-1
45,27990.454125,44684.470563,-222.250863,0.000000000,0.000000000,-0.993355910,0.115082733,0,0,0,0,1,-1
46,27987.277135,44683.717091,-222.231641,0.000000000,0.000000000,-0.977944708,-0.208863948,0,0,0,0,1,-1
47,27986.429300,44684.091667,-222.230558,0.000000000,0.000000000,-0.984178884,-0.177177661,0,0,0,0,1,-1
48,27983.940510,44685.004750,-222.226068,0.000000000,0.000000000,-0.997448498,-0.071389728,0,0,0,0,1,-1
49,27983.553044,44685.059003,-222.224752,0.000000000,0.000000000,-0.997376817,-0.072384290,0,0,0,0,1,-1
50,27981.642739,44685.330357,-222.218287,0.000000000,0.000000000,-0.905098651,-0.425201636,0,0,0,0,1,-1
51,27981.290131,44685.750884,-222.219698,0.000000000,0.000000000,-0.960518906,-0.278214720,0,0,0,0,1,-1
52,27978.429268,44687.539362,-222.219734,0.000000000,0.000000000,-0.946319471,0.323232824,0,0,0,0,1,-1
53,27978.213639,44687.372243,-222.217614,0.000000000,0.000000000,-0.995276649,-0.097079305,0,0,0,0,1,-1
54,27975.609074,44687.874415,-222.209733,0.000000000,0.000000000,-0.926550659,-0.376170009,0,0,0,0,1,-1
55,27975.482591,44687.996069,-222.210034,0.000000000,0.000000000,-0.926781721,-0.375600374,0,0,0,0,1,-1
56,27974.814041,44688.637514,-222.211614,0.000000000,0.000000000,-0.966531439,0.256548197,0,0,0,0,1,-1
57,27974.463417,44688.436680,-222.208666,0.000000000,0.000000000,-0.992652043,0.121003804,0,0,0,0,1,-1
58,27970.548587,44687.458965,-222.184643,0.000000000,0.000000000,-0.957856282,-0.287247878,0,0,0,0,1,-1
59,27969.718235,44688.000036,-222.184809,0.000000000,0.000000000,-0.994982930,-0.100044839,0,0,0,0,1,-1
60,27969.114397,44688.120181,-222.183009,0.000000000,0.000000000,-0.999668332,0.025753159,0,0,0,0,1,-1
61,27968.898272,44688.108402,-222.181980,0.000000000,0.000000000,-0.996129055,-0.087902815,0,0,0,0,1,-1
62,27967.456386,44688.359048,-222.177426,0.000000000,0.000000000,-0.998239160,0.059317620,0,0,0,0,1,-1
63,27963.720024,44687.903405,-222.157859,0.000000000,0.000000000,-0.972954246,-0.230997910,0,0,0,0,1,-1
64,27962.366860,44688.575974,-222.156661,0.000000000,0.000000000,-0.978723255,0.205184770,0,0,0,0,1,-1
65,27961.656322,44688.263045,-222.151350,0.000000000,0.000000000,-0.951082043,0.308938422,0,0,0,0,1,-1
66,27961.242971,44687.962151,-222.147424,0.000000000,0.000000000,-0.999793137,-0.020339188,0,0,0,0,1,-1
67,27957.135387,44688.115608,-222.130518,0.000000000,0.000000000,-0.995529866,-0.094447267,0,0,0,0,1,-1
68,27953.233116,44688.846699,-222.118573,0.000000000,0.000000000,-0.998730051,0.050381397,0,0,0,0,1,-1
69,27949.928721,44688.503384,-222.101694,0.000000000,0.000000000,-0.986859769,0.161579070,0,0,0,0,1,-1
70,27948.903055,44688.156173,-222.094764,0.000000000,0.000000000,-0.960214740,-0.279262695,0,0,0,0,1,-1
71,27948.569135,44688.365939,-222.094777,0.000000000,0.000000000,-0.858577666,-0.512683519,0,0,0,0,1,-1
72,27948.098026,44689.229926,-222.098789,0.000000000,0.000000000,-0.887577901,-0.460657648,0,0,0,0,1,-1
73,27947.853748,44689.573125,-222.100132,0.000000000,0.000000000,-0.909811556,-0.415021604,0,0,0,0,1,-1
74,27947.591599,44689.871885,-222.101085,0.000000000,0.000000000,-0.896727306,-0.442583482,0,0,0,0,1,-1
75,27944.281489,44694.144423,-222.116635,0.000000000,0.000000000,-0.985599684,-0.169095428,0,0,0,0,1,-1
76,27942.451079,44694.782200,-222.113108,0.000000000,0.000000000,-0.783805666,-0.621006182,0,0,0,0,1,-1
77,27941.766448,44697.642764,-222.130225,0.000000000,0.000000000,-0.818233893,-0.574885463,0,0,0,0,1,-1
78,27939.594885,44703.583275,-222.162493,0.000000000,0.000000000,-0.969222413,-0.246186745,0,0,0,0,1,-1
79,27935.462715,44705.800490,-222.160006,0.000000000,0.000000000,-0.999255441,0.038581903,0,0,0,0,1,-1
80,27935.174572,44705.777389,-222.158583,0.000000000,0.000000000,-0.999255441,0.038581903,0,0,0,0,1,-1
81,27935.174572,44705.777389,-222.158583,0.000000000,0.000000000,-0.995281184,0.097032803,0,0,0,0,1,-1
82,27934.778526,44705.698467,-222.156295,0.000000000,0.000000000,-0.999124531,0.041835049,0,0,0,0,1,-1
83,27933.716021,44705.606346,-222.150999,0.000000000,0.000000000,-0.948743740,-0.316046382,0,0,0,0,1,-1
84,27933.075026,44706.081443,-222.151536,0.000000000,0.000000000,-0.968852359,-0.247639064,0,0,0,0,1,-1
85,27927.318793,44709.192297,-222.148235,0.000000000,0.000000000,-0.896418752,-0.443208102,0,0,0,0,1,-1
86,27926.848501,44709.801084,-222.150460,0.000000000,0.000000000,-0.847439038,-0.530892717,0,0,0,0,1,-1
87,27925.679037,44712.182998,-222.162097,0.000000000,0.000000000,-0.123966978,0.992286344,0,0,0,0,1,-1
88,27926.030580,44712.095341,-222.163018,0.000000000,0.000000000,-0.985278211,0.170958613,0,0,0,0,1,-1
89,27921.550350,44710.483399,-222.132089,0.000000000,0.000000000,-0.998286901,0.058508654,0,0,0,0,1,-1
90,27919.182479,44710.198531,-222.119731,0.000000000,0.000000000,-0.608230081,0.793760776,0,0,0,0,1,-1
91,27919.282719,44709.832685,-222.117597,0.000000000,0.000000000,-0.422887680,0.906182107,0,0,0,0,1,-1
92,27920.548427,44708.338741,-222.112624,0.000000000,0.000000000,-0.996781377,0.080167862,0,0,0,0,1,-1
93,27915.732330,44707.546835,-222.085998,0.000000000,0.000000000,-0.983250920,0.182257037,0,0,0,0,1,-1
94,27911.963129,44706.092484,-222.059293,0.000000000,0.000000000,-0.995025491,0.099620637,0,0,0,0,1,-1
95,27909.154848,44705.517737,-222.042976,0.000000000,0.000000000,-0.999613256,-0.027808978,0,0,0,0,1,-1
96,27905.551541,44705.706096,-222.028552,0.000000000,0.000000000,-0.995893948,0.090527587,0,0,0,0,1,-1
97,27905.308502,44705.660946,-222.027173,0.000000000,0.000000000,-0.977701407,0.209999902,0,0,0,0,1,-1
98,27902.763252,44704.510047,-222.007957,0.000000000,0.000000000,-0.996907580,0.078582936,0,0,0,0,1,-1
99,27902.061085,44704.396874,-222.004092,0.000000000,0.000000000,-0.942923143,0.333010429,0,0,0,0,1,-1
100,27900.821343,44703.394339,-221.991625,0.000000000,0.000000000,-0.777351206,0.629066851,0,0,0,0,1,-1
101,27899.765483,44698.386787,-221.951801,0.000000000,0.000000000,-0.728497971,0.685047959,0,0,0,0,1,-1
102,27899.509203,44694.014219,-221.919938,0.000000000,0.000000000,-0.680504365,0.732744027,0,0,0,0,1,-1
103,27899.847329,44689.654621,-221.890767,0.000000000,0.000000000,-0.717606560,0.696448724,0,0,0,0,1,-1
104,27899.726538,44685.160426,-221.858648,0.000000000,0.000000000,-0.719896713,0.694081208,0,0,0,0,1,-1
105,27899.594938,44681.232084,-221.830461,0.000000000,0.000000000,-0.672252051,0.740322349,0,0,0,0,1,-1
106,27899.976332,44677.427415,-221.805388,0.000000000,0.000000000,-0.729451273,0.684032778,0,0,0,0,1,-1
107,27899.702321,44672.966024,-221.772838,0.000000000,0.000000000,-0.741696177,0.670735999,0,0,0,0,1,-1
108,27899.318497,44669.047983,-221.743629,0.000000000,0.000000000,-0.727196575,0.686429269,0,0,0,0,1,-1
109,27899.088671,44664.853032,-221.713150,0.000000000,0.000000000,-0.739428738,0.673234834,0,0,0,0,1,-1
110,27898.714454,44660.746392,-221.682664,0.000000000,0.000000000,-0.753458143,0.657495876,0,0,0,0,1,-1
111,27898.204182,44656.938911,-221.653687,0.000000000,0.000000000,-0.754457364,0.656349058,0,0,0,0,1,-1
112,27897.799270,44653.986141,-221.631176,0.000000000,0.000000000,-0.714975911,0.699149088,0,0,0,0,1,-1
113,27897.721957,44649.980300,-221.602702,0.000000000,0.000000000,-0.669487583,0.742823247,0,0,0,0,1,-1
114,27898.148879,44646.020432,-221.576756,0.000000000,0.000000000,-0.707946659,0.706265905,0,0,0,0,1,-1
115,27898.151884,44642.247857,-221.550276,0.000000000,0.000000000,-0.778467577,0.627684819,0,0,0,0,1,-1
116,27897.441873,44638.939059,-221.523939,0.000000000,0.000000000,-0.753629532,0.657299420,0,0,0,0,1,-1
117,27896.957948,44635.342482,-221.496571,0.000000000,0.000000000,-0.486190733,0.873852717,0,0,0,0,1,-1
118,27898.424496,44633.005884,-221.486573,0.000000000,0.000000000,-0.246710254,0.969089289,0,0,0,0,1,-1
119,27902.484530,44630.821712,-221.488979,0.000000000,0.000000000,0.094390067,0.995535291,0,0,0,0,1,-1
120,27905.977031,44631.498477,-221.508993,0.000000000,0.000000000,-0.053688776,0.998557718,0,0,0,0,1,-1
121,27909.905318,44631.089227,-221.523288,0.000000000,0.000000000,-0.106978163,0.994261370,0,0,0,0,1,-1
122,27913.952143,44630.225423,-221.534914,0.000000000,0.000000000,-0.039014951,0.999238627,0,0,0,0,1,-1
123,27917.943125,44629.927332,-221.550269,0.000000000,0.000000000,-0.317669764,0.948201414,0,0,0,0,1,-1
124,27921.021783,44627.629113,-221.547596,0.000000000,0.000000000,-0.284286651,0.958739329,0,0,0,0,1,-1
125,27923.855740,44625.807244,-221.547200,0.000000000,0.000000000,0.069017820,0.997615427,0,0,0,0,1,-1
126,27927.060731,44626.261193,-221.564403,0.000000000,0.000000000,0.179320528,0.983790703,0,0,0,0,1,-1
127,27931.045950,44627.771712,-221.592438,0.000000000,0.000000000,0.054193888,0.998530431,0,0,0,0,1,-1
128,27935.241649,44628.239888,-221.614079,0.000000000,0.000000000,-0.433920665,0.900951084,0,0,0,0,1,-1
129,27937.240067,44625.760730,-221.605418,0.000000000,0.000000000,-0.290037582,0.957015256,0,0,0,0,1,-1
130,27940.218595,44623.795077,-221.604653,0.000000000,0.000000000,-0.570316268,0.821425197,0,0,0,0,1,-1
131,27940.763601,44622.354339,-221.596924,0.000000000,0.000000000,-0.550118792,0.835086411,0,0,0,0,1,-1
132,27942.442166,44618.498289,-221.577204,0.000000000,0.000000000,-0.288446265,0.957496085,0,0,0,0,1,-1
133,27945.745578,44616.333938,-221.576471,0.000000000,0.000000000,-0.038342813,0.999264644,0,0,0,0,1,-1
134,27950.096910,44616.014809,-221.593276,0.000000000,0.000000000,-0.240859148,0.970560081,0,0,0,0,1,-1
135,27953.516210,44614.228086,-221.595705,0.000000000,0.000000000,-0.048119729,0.998841575,0,0,0,0,1,-1
136,27957.210119,44613.884691,-221.609467,0.000000000,0.000000000,0.202813965,0.979217287,0,0,0,0,1,-1
137,27961.221615,44615.628318,-221.639269,0.000000000,0.000000000,-0.195793476,0.980645152,0,0,0,0,1,-1
138,27964.468337,44614.295983,-221.644137,0.000000000,0.000000000,0.030698834,0.999528680,0,0,0,0,1,-1
139,27968.817757,44614.576032,-221.665152,0.000000000,0.000000000,0.417836272,0.908522344,0,0,0,0,1,-1
140,27971.796917,44618.058447,-221.702642,0.000000000,0.000000000,0.080520305,0.996752969,0,0,0,0,1,-1
141,27976.523025,44618.839003,-221.728826,0.000000000,0.000000000,-0.220912004,0.975293744,0,0,0,0,1,-1
142,27982.413373,44616.061480,-221.735142,0.000000000,0.000000000,-0.193709277,0.981058977,0,0,0,0,1,-1
143,27984.830341,44615.081595,-221.738858,0.000000000,0.000000000,0.038850203,0.999245046,0,0,0,0,1,-1
144,27988.693289,44615.393403,-221.757977,0.000000000,0.000000000,-0.012753211,0.999918674,0,0,0,0,1,-1
145,27992.188199,44615.315693,-221.772752,0.000000000,0.000000000,-0.138507951,0.990361322,0,0,0,0,1,-1
146,27995.550773,44614.372090,-221.780871,0.000000000,0.000000000,0.123928323,0.992291172,0,0,0,0,1,-1
147,27999.105575,44615.282102,-221.802844,0.000000000,0.000000000,0.511154709,0.859488722,0,0,0,0,1,-1
148,28000.869519,44618.538765,-221.833436,0.000000000,0.000000000,0.428216170,0.903676331,0,0,0,0,1,-1
149,28003.785335,44622.109757,-221.871287,0.000000000,0.000000000,-0.037073047,0.999312558,0,0,0,0,1,-1
150,28007.686185,44621.833613,-221.886458,0.000000000,0.000000000,0.007453543,0.999972222,0,0,0,0,1,-1
151,28011.423814,44621.900925,-221.903326,0.000000000,0.000000000,0.005611518,0.999984255,0,0,0,0,1,-1
152,28015.395654,44621.957885,-221.921151,0.000000000,0.000000000,0.041617030,0.999133636,0,0,0,0,1,-1
153,28019.267533,44622.291925,-221.940484,0.000000000,0.000000000,-0.057331506,0.998355197,0,0,0,0,1,-1
154,28023.331073,44621.838770,-221.955136,0.000000000,0.000000000,-0.024834834,0.999691568,0,0,0,0,1,-1
155,28027.366742,44621.651828,-221.971536,0.000000000,0.000000000,0.017591357,0.999845260,0,0,0,0,1,-1
156,28031.482371,44621.809113,-221.990706,0.000000000,0.000000000,0.067269452,0.997734845,0,0,0,0,1,-1
157,28035.758737,44622.399646,-222.013626,0.000000000,0.000000000,0.130233793,0.991483313,0,0,0,0,1,-1
158,28039.799329,44623.488747,-222.039013,0.000000000,0.000000000,0.188706720,0.982033489,0,0,0,0,1,-1
159,28043.397452,44624.931515,-222.064942,0.000000000,0.000000000,0.110166818,0.993913111,0,0,0,0,1,-1
160,28047.168585,44625.786752,-222.087509,0.000000000,0.000000000,0.221081830,0.975255261,0,0,0,0,1,-1
161,28050.963647,44627.607405,-222.116960,0.000000000,0.000000000,0.060275450,0.998181782,0,0,0,0,1,-1
162,28055.375252,44628.153994,-222.140179,0.000000000,0.000000000,-0.011402041,0.999934995,0,0,0,0,1,-1
163,28059.284468,44628.077624,-222.156820,0.000000000,0.000000000,0.025593471,0.999672433,0,0,0,0,1,-1
164,28063.634020,44628.313337,-222.177590,0.000000000,0.000000000,-0.050872313,0.998705166,0,0,0,0,1,-1
165,28067.454129,44627.937100,-222.191739,0.000000000,0.000000000,-0.010688114,0.999942880,0,0,0,0,1,-1
166,28071.624541,44627.861565,-222.209542,0.000000000,0.000000000,-0.010117056,0.999948821,0,0,0,0,1,-1
167,28075.479682,44627.796127,-222.226032,0.000000000,0.000000000,-0.041235227,0.999149466,0,0,0,0,1,-1
168,28079.389645,44627.486756,-222.241053,0.000000000,0.000000000,-0.008571975,0.999963260,0,0,0,0,1,-1
169,28083.289784,44627.432560,-222.257824,0.000000000,0.000000000,-0.057457677,0.998347943,0,0,0,0,1,-1
170,28087.344318,44626.979405,-222.272476,0.000000000,0.000000000,-0.183205970,0.983074551,0,0,0,0,1,-1
171,28091.158872,44625.526865,-222.279060,0.000000000,0.000000000,0.002649712,0.999996490,0,0,0,0,1,-1
172,28095.364957,44625.562412,-222.297815,0.000000000,0.000000000,-0.065008801,0.997884691,0,0,0,0,1,-1
173,28099.284534,44625.064452,-222.311567,0.000000000,0.000000000,-0.069455012,0.997585085,0,0,0,0,1,-1
174,28103.348397,44624.511472,-222.325570,0.000000000,0.000000000,0.009908971,0.999950905,0,0,0,0,1,-1
175,28107.284102,44624.601645,-222.343526,0.000000000,0.000000000,0.055385856,0.998465025,0,0,0,0,1,-1
176,28111.488763,44625.081029,-222.365401,0.000000000,0.000000000,-0.140165074,0.990128149,0,0,0,0,1,-1
177,28115.311154,44623.994687,-222.374604,0.000000000,0.000000000,-0.103632105,0.994615698,0,0,0,0,1,-1
178,28119.493103,44623.131406,-222.386960,0.000000000,0.000000000,-0.046695861,0.998909153,0,0,0,0,1,-1
179,28123.538350,44622.767005,-222.402217,0.000000000,0.000000000,-0.045883618,0.998946792,0,0,0,0,1,-1
180,28127.655650,44622.402836,-222.417797,0.000000000,0.000000000,-0.007716696,0.999970226,0,0,0,0,1,-1
181,28131.988116,44622.350035,-222.436512,0.000000000,0.000000000,0.019280260,0.999814119,0,0,0,0,1,-1
182,28136.031653,44622.518235,-222.455509,0.000000000,0.000000000,0.033350783,0.999443708,0,0,0,0,1,-1
183,28140.200893,44622.808891,-222.475921,0.000000000,0.000000000,-0.002932018,0.999995702,0,0,0,0,1,-1
184,28144.001817,44622.798789,-222.492602,0.000000000,0.000000000,0.000000113,1.000000000,0,0,0,0,1,-1
185,28147.919758,44622.811253,-222.509960,0.000000000,0.000000000,-0.039149788,0.999233353,0,0,0,0,1,-1
186,28152.181026,44622.491936,-222.526504,0.000000000,0.000000000,0.011145547,0.999937886,0,0,0,0,1,-1
187,28156.179742,44622.593428,-222.544848,0.000000000,0.000000000,0.010665313,0.999943124,0,0,0,0,1,-1
188,28160.358594,44622.695494,-222.563992,0.000000000,0.000000000,-0.012398318,0.999923138,0,0,0,0,1,-1
189,28164.402951,44622.608505,-222.581219,0.000000000,0.000000000,-0.099646626,0.995022889,0,0,0,0,1,-1
190,28168.206265,44621.855001,-222.592707,0.000000000,0.000000000,-0.083607892,0.996498731,0,0,0,0,1,-1
191,28172.099291,44621.212742,-222.605374,0.000000000,0.000000000,0.054910351,0.998491289,0,0,0,0,1,-1
192,28175.835777,44621.635186,-222.624825,0.000000000,0.000000000,-0.093411424,0.995627594,0,0,0,0,1,-1
193,28179.900289,44620.882518,-222.637479,0.000000000,0.000000000,-0.022896186,0.999737848,0,0,0,0,1,-1
194,28184.035000,44620.707060,-222.654496,0.000000000,0.000000000,-0.105409385,0.994428912,0,0,0,0,1,-1
195,28188.352202,44619.799859,-222.667185,0.000000000,0.000000000,-0.123119159,0.992391895,0,0,0,0,1,-1
196,28192.291335,44618.824880,-222.677733,0.000000000,0.000000000,0.030762351,0.999526727,0,0,0,0,1,-1
197,28196.631739,44619.105012,-222.698864,0.000000000,0.000000000,-0.031714871,0.999496957,0,0,0,0,1,-1
198,28200.667590,44618.862671,-222.714986,0.000000000,0.000000000,-0.010288246,0.999947075,0,0,0,0,1,-1
199,28205.000130,44618.787715,-222.733596,0.000000000,0.000000000,-0.088767322,0.996052389,0,0,0,0,1,-1
200,28208.848233,44618.112042,-222.745853,0.000000000,0.000000000,-0.101066177,0.994879705,0,0,0,0,1,-1
201,28212.813818,44617.314690,-222.757777,0.000000000,0.000000000,-0.099985205,0.994988924,0,0,0,0,1,-1
202,28216.878514,44616.506560,-222.770066,0.000000000,0.000000000,-0.049708840,0.998763751,0,0,0,0,1,-1
203,28220.788701,44616.130678,-222.784708,0.000000000,0.000000000,-0.041317658,0.999146061,0,0,0,0,1,-1
204,28224.959942,44615.800013,-222.800824,0.000000000,0.000000000,-0.069170746,0.997604836,0,0,0,0,1,-1
205,28228.960735,44615.257985,-222.814706,0.000000000,0.000000000,-0.049937247,0.998752357,0,0,0,0,1,-1
206,28232.852910,44614.882050,-222.829276,0.000000000,0.000000000,-0.194354675,0.980931323,0,0,0,0,1,-1
207,28236.559590,44613.373749,-222.835081,0.000000000,0.000000000,-0.716104266,0.697993324,0,0,0,0,1,-1
208,28236.472924,44609.523217,-222.807676,0.000000000,0.000000000,-0.760752170,0.649042476,0,0,0,0,1,-1
209,28235.819831,44605.360193,-222.775577,0.000000000,0.000000000,-0.756943443,0.653480393,0,0,0,0,1,-1
210,28235.194259,44601.041915,-222.742513,0.000000000,0.000000000,-0.723700743,0.690113929,0,0,0,0,1,-1
211,28235.017881,44597.080138,-222.713939,0.000000000,0.000000000,-0.744584925,0.667527744,0,0,0,0,1,-1
212,28234.606969,44593.228571,-222.685103,0.000000000,0.000000000,-0.774858440,0.632134794,0,0,0,0,1,-1
213,28233.835642,44589.420237,-222.654980,0.000000000,0.000000000,-0.715202601,0.698917191,0,0,0,0,1,-1
214,28233.742612,44584.748592,-222.621803,0.000000000,0.000000000,-0.693342568,0.720608135,0,0,0,0,1,-1
215,28233.927971,44580.333040,-222.591656,0.000000000,0.000000000,-0.693761849,0.720204483,0,0,0,0,1,-1
216,28234.074658,44576.738456,-222.567099,0.000000000,0.000000000,-0.734352542,0.678768255,0,0,0,0,1,-1
217,28233.772255,44572.754085,-222.537824,0.000000000,0.000000000,-0.746673732,0.665190452,0,0,0,0,1,-1
218,28233.369418,44569.191036,-222.511062,0.000000000,0.000000000,-0.755249216,0.655437733,0,0,0,0,1,-1
219,28232.814788,44565.216956,-222.480749,0.000000000,0.000000000,-0.749969887,0.661471971,0,0,0,0,1,-1
220,28232.270594,44560.799076,-222.447374,0.000000000,0.000000000,-0.713111668,0.701050461,0,0,0,0,1,-1
221,28232.212089,44556.593566,-222.417638,0.000000000,0.000000000,-0.720002956,0.693970996,0,0,0,0,1,-1
222,28232.072309,44552.454373,-222.388010,0.000000000,0.000000000,-0.766698442,0.642007398,0,0,0,0,1,-1
223,28231.320492,44548.180076,-222.354733,0.000000000,0.000000000,-0.757932880,0.652332545,0,0,0,0,1,-1
224,28230.694627,44543.950565,-222.322328,0.000000000,0.000000000,-0.725970470,0.687725873,0,0,0,0,1,-1
225,28230.465849,44539.478212,-222.289981,0.000000000,0.000000000,-0.730726497,0.682670335,0,0,0,0,1,-1
226,28230.199792,44535.394094,-222.260192,0.000000000,0.000000000,-0.822930404,0.568142192,0,0,0,0,1,-1
227,28228.645862,44531.272580,-222.224450,0.000000000,0.000000000,-0.821943396,0.569569182,0,0,0,0,1,-1
228,28226.279455,44524.929307,-222.169558,0.000000000,0.000000000,-0.684009084,0.729473490,0,0,0,0,1,-1
229,28226.846782,44516.575951,-222.113566,0.000000000,0.000000000,-0.012069104,0.999927166,0,0,0,0,1,-1
230,28228.693333,44516.537459,-222.121459,0.000000000,0.000000000,-0.928594969,0.371094844,0,0,0,0,1,-1
231,28226.053391,44514.021377,-222.092170,0.000000000,0.000000000,-0.743173484,0.669098777,0,0,0,0,1,-1
232,28225.695368,44510.525046,-222.066107,0.000000000,0.000000000,-0.699248630,0.714878559,0,0,0,0,1,-1
233,28225.788189,44506.874811,-222.040961,0.000000000,0.000000000,-0.790174764,0.612881589,0,0,0,0,1,-1
234,28224.818699,44503.065846,-222.010010,0.000000000,0.000000000,-0.762034323,0.647536633,0,0,0,0,1,-1
235,28224.059296,44498.347692,-221.973625,0.000000000,0.000000000,-0.611161073,0.791506250,0,0,0,0,1,-1
236,28224.861624,44495.332184,-221.956065,0.000000000,0.000000000,-0.045976049,0.998942542,0,0,0,0,1,-1
237,28228.366342,44495.021586,-221.969384,0.000000000,0.000000000,-0.062184149,0.998064693,0,0,0,0,1,-1
238,28232.466122,44494.524259,-221.984028,0.000000000,0.000000000,-0.102617130,0.994720928,0,0,0,0,1,-1
239,28236.476871,44493.704870,-221.996028,0.000000000,0.000000000,-0.058017211,0.998315583,0,0,0,0,1,-1
240,28240.396335,44493.262450,-222.010265,0.000000000,0.000000000,-0.148783609,0.988869778,0,0,0,0,1,-1
241,28244.237063,44492.098552,-222.019107,0.000000000,0.000000000,-0.084279881,0.996442122,0,0,0,0,1,-1
242,28248.229299,44491.434451,-222.032119,0.000000000,0.000000000,-0.296586412,0.955006021,0,0,0,0,1,-1
243,28251.316455,44489.336099,-222.031092,0.000000000,0.000000000,-0.341908017,0.939733424,0,0,0,0,1,-1
244,28254.287702,44486.871215,-222.026989,0.000000000,0.000000000,-0.416671215,0.909057258,0,0,0,0,1,-1
245,28257.054083,44483.695544,-222.017008,0.000000000,0.000000000,-0.439512878,0.898236288,0,0,0,0,1,-1
246,28259.550259,44480.519011,-222.005828,0.000000000,0.000000000,-0.695880378,0.718157713,0,0,0,0,1,-1
247,28259.689202,44476.536049,-221.978576,0.000000000,0.000000000,-0.694180493,0.719800975,0,0,0,0,1,-1
248,28259.855882,44472.331259,-221.949897,0.000000000,0.000000000,-0.733850798,0.679310685,0,0,0,0,1,-1
249,28259.571000,44468.502285,-221.921851,0.000000000,0.000000000,-0.694041484,0.719935010,0,0,0,0,1,-1
250,28259.737537,44464.341878,-221.893488,0.000000000,0.000000000,-0.675038719,0.737782304,0,0,0,0,1,-1
251,28260.082817,44460.614779,-221.868948,0.000000000,0.000000000,-0.705472144,0.708737648,0,0,0,0,1,-1
252,28260.113356,44456.731333,-221.841925,0.000000000,0.000000000,-0.652097517,0.758135099,0,0,0,0,1,-1
253,28260.702038,44452.938437,-221.818007,0.000000000,0.000000000,-0.695248315,0.718769630,0,0,0,0,1,-1
254,28260.840302,44449.166294,-221.792243,0.000000000,0.000000000,-0.708593407,0.705617023,0,0,0,0,1,-1
255,28260.836030,44444.905478,-221.762434,0.000000000,0.000000000,-0.726414973,0.687256348,0,0,0,0,1,-1
256,28260.615413,44440.699451,-221.732053,0.000000000,0.000000000,-0.727927963,0.685653615,0,0,0,0,1,-1
257,28260.393793,44436.804104,-221.703843,0.000000000,0.000000000,-0.703105000,0.711086042,0,0,0,0,1,-1
258,28260.451639,44432.831979,-221.676335,0.000000000,0.000000000,-0.735812979,0.677184805,0,0,0,0,1,-1
259,28260.139913,44428.947440,-221.647806,0.000000000,0.000000000,-0.740936374,0.671575230,0,0,0,0,1,-1
260,28259.765246,44425.029413,-221.618766,0.000000000,0.000000000,-0.717152692,0.696916076,0,0,0,0,1,-1
261,28259.661288,44420.956908,-221.589848,0.000000000,0.000000000,-0.688141957,0.725576080,0,0,0,0,1,-1
262,28259.890553,44416.896564,-221.562492,0.000000000,0.000000000,-0.749834860,0.661625032,0,0,0,0,1,-1
263,28259.372739,44412.678492,-221.530731,0.000000000,0.000000000,-0.721240668,0.692684559,0,0,0,0,1,-1
264,28259.223496,44408.683513,-221.502162,0.000000000,0.000000000,-0.732494061,0.680773421,0,0,0,0,1,-1
265,28258.904837,44404.155394,-221.469121,0.000000000,0.000000000,-0.720574934,0.693377072,0,0,0,0,1,-1
266,28258.772748,44400.426771,-221.442494,0.000000000,0.000000000,-0.728313769,0.685243792,0,0,0,0,1,-1
267,28258.533828,44396.309452,-221.412681,0.000000000,0.000000000,-0.731537453,0.681801257,0,0,0,0,1,-1
268,28258.258736,44392.236401,-221.383020,0.000000000,0.000000000,-0.760052263,0.649861953,0,0,0,0,1,-1
269,28257.623472,44388.128912,-221.351527,0.000000000,0.000000000,-0.726034354,0.687658431,0,0,0,0,1,-1
270,28257.420078,44384.167048,-221.322965,0.000000000,0.000000000,-0.755098291,0.655611600,0,0,0,0,1,-1
271,28256.830276,44379.926555,-221.290751,0.000000000,0.000000000,-0.705530731,0.708679326,0,0,0,0,1,-1
272,28256.861279,44375.898865,-221.262771,0.000000000,0.000000000,-0.616728296,0.787176097,0,0,0,0,1,-1
273,28257.874082,44371.863215,-221.239084,0.000000000,0.000000000,-0.661735721,0.749737177,0,0,0,0,1,-1
274,28258.400649,44367.781628,-221.212927,0.000000000,0.000000000,-0.690805304,0.723040823,0,0,0,0,1,-1
275,28258.603108,44363.654623,-221.185021,0.000000000,0.000000000,-0.605139217,0.796119669,0,0,0,0,1,-1
276,28259.714668,44359.719151,-221.162478,0.000000000,0.000000000,-0.597490562,0.801875943,0,0,0,0,1,-1
277,28260.898179,44355.817197,-221.140490,0.000000000,0.000000000,-0.639620165,0.768691124,0,0,0,0,1,-1
278,28261.686239,44351.647679,-221.114887,0.000000000,0.000000000,-0.564357012,0.825530837,0,0,0,0,1,-1
279,28263.148326,44347.946340,-221.095537,0.000000000,0.000000000,-0.547909547,0.836537584,0,0,0,0,1,-1
280,28264.826905,44344.145830,-221.076455,0.000000000,0.000000000,-0.539939031,0.841704130,0,0,0,0,1,-1
281,28266.541155,44340.456392,-221.058309,0.000000000,0.000000000,-0.474382327,0.880318924,0,0,0,0,1,-1
282,28268.650035,44337.289721,-221.045559,0.000000000,0.000000000,-0.422571819,0.906329442,0,0,0,0,1,-1
283,28271.335368,44334.124891,-221.035376,0.000000000,0.000000000,-0.126028254,0.992026653,0,0,0,0,1,-1
284,28275.265703,44333.127730,-221.045825,0.000000000,0.000000000,0.006709711,0.999977490,0,0,0,0,1,-1
285,28279.417778,44333.196479,-221.064692,0.000000000,0.000000000,0.138013892,0.990430293,0,0,0,0,1,-1
286,28283.296274,44334.307364,-221.089617,0.000000000,0.000000000,0.195181859,0.980767068,0,0,0,0,1,-1
287,28287.029224,44335.861619,-221.116992,0.000000000,0.000000000,0.143401387,0.989664611,0,0,0,0,1,-1
288,28290.790591,44336.983229,-221.141479,0.000000000,0.000000000,0.120475512,0.992716299,0,0,0,0,1,-1
289,28294.768555,44337.972384,-221.166003,0.000000000,0.000000000,0.198580067,0.980084668,0,0,0,0,1,-1
290,28298.429445,44339.526413,-221.193065,0.000000000,0.000000000,0.171741302,0.985142084,0,0,0,0,1,-1
291,28302.360975,44340.948160,-221.220407,0.000000000,0.000000000,0.117258230,0.993101459,0,0,0,0,1,-1
292,28306.267024,44341.892706,-221.244309,0.000000000,0.000000000,0.206207046,0.978508382,0,0,0,0,1,-1
293,28310.026629,44343.558015,-221.272593,0.000000000,0.000000000,-0.806552159,-0.591162934,0,0,0,0,1,-1
294,28309.799158,44344.267421,-221.276532,0.000000000,0.000000000,-0.987102220,-0.160091246,0,0,0,0,1,-1
295,28309.564724,44344.344341,-221.276030,0.000000000,0.000000000,-0.981018598,0.193913666,0,0,0,0,1,-1
296,28305.993658,44342.868265,-221.249902,0.000000000,0.000000000,-0.986535543,0.163547006,0,0,0,0,1,-1
297,28302.205848,44341.569031,-221.224050,0.000000000,0.000000000,-0.983699665,0.179819270,0,0,0,0,1,-1
298,28298.409496,44340.125525,-221.197156,0.000000000,0.000000000,-0.983839786,0.179051041,0,0,0,0,1,-1
299,28294.595128,44338.681963,-221.170184,0.000000000,0.000000000,-0.979938362,0.199300796,0,0,0,0,1,-1
300,28290.844310,44337.083264,-221.142414,0.000000000,0.000000000,-0.987753573,0.156022048,0,0,0,0,1,-1
301,28286.858341,44335.783402,-221.115690,0.000000000,0.000000000,-0.990992807,0.133915107,0,0,0,0,1,-1
302,28283.096722,44334.739464,-221.091746,0.000000000,0.000000000,-0.993748783,0.111639401,0,0,0,0,1,-1
303,28279.181517,44333.839282,-221.068128,0.000000000,0.000000000,-0.990437519,0.137962024,0,0,0,0,1,-1
304,28276.202903,44332.986479,-221.048990,0.000000000,0.000000000,-0.980932395,-0.194349265,0,0,0,0,1,-1
305,28274.254800,44333.779153,-221.045891,0.000000000,0.000000000,-0.999913408,0.013159682,0,0,0,0,1,-1
306,28273.831505,44333.766705,-221.043930,0.000000000,0.000000000,-0.942786671,-0.333396600,0,0,0,0,1,-1
307,28270.679880,44336.286485,-221.047549,0.000000000,0.000000000,-0.864938986,-0.501877027,0,0,0,0,1,-1
308,28268.732481,44339.653397,-221.062409,0.000000000,0.000000000,-0.854017402,-0.520244440,0,0,0,0,1,-1
309,28266.937990,44343.087374,-221.078417,0.000000000,0.000000000,-0.838141773,-0.545452444,0,0,0,0,1,-1
310,28265.177953,44347.009677,-221.097987,0.000000000,0.000000000,-0.772224445,-0.635349830,0,0,0,0,1,-1
311,28264.390677,44350.935089,-221.121886,0.000000000,0.000000000,-0.814383178,-0.580327528,0,0,0,0,1,-1
312,28263.054331,44354.747788,-221.142572,0.000000000,0.000000000,-0.787562465,-0.616234828,0,0,0,0,1,-1
313,28262.078089,44358.617117,-221.165249,0.000000000,0.000000000,-0.834510250,-0.550992416,0,0,0,0,1,-1
314,28260.480935,44362.306929,-221.183927,0.000000000,0.000000000,-0.782713622,-0.622382025,0,0,0,0,1,-1
315,28259.522065,44366.376038,-221.208080,0.000000000,0.000000000,-0.756889464,-0.653542913,0,0,0,0,1,-1
316,28258.896240,44370.512787,-221.234182,0.000000000,0.000000000,-0.738783432,-0.673942906,0,0,0,0,1,-1
317,28258.504742,44374.605901,-221.261019,0.000000000,0.000000000,-0.736738932,-0.676177304,0,0,0,0,1,-1
318,28258.140336,44378.676909,-221.287824,0.000000000,0.000000000,0.690930472,0.722921215,0,0,0,0,1,-1
319,28258.307702,44382.638658,-221.316223,0.000000000,0.000000000,0.652557981,0.757738795,0,0,0,0,1,-1
320,28258.898254,44386.646141,-221.346816,0.000000000,0.000000000,-0.719686102,-0.694299586,0,0,0,0,1,-1
321,28258.741260,44390.640141,-221.374009,0.000000000,0.000000000,0.665909427,0.746032597,0,0,0,0,1,-1
322,28259.187663,44394.658260,-221.404044,0.000000000,0.000000000,0.696478851,0.717577320,0,0,0,0,1,-1
323,28259.292158,44398.564329,-221.431785,0.000000000,0.000000000,0.663356353,0.748303648,0,0,0,0,1,-1
324,28259.774374,44402.649137,-221.462449,0.000000000,0.000000000,-0.718439439,-0.695589514,0,0,0,0,1,-1
325,28259.625850,44406.809602,-221.490852,0.000000000,0.000000000,0.640997797,0.767542718,0,0,0,0,1,-1
326,28260.315942,44410.673158,-221.520896,0.000000000,0.000000000,-0.715436941,-0.698677310,0,0,0,0,1,-1
327,28260.203446,44414.833738,-221.549465,0.000000000,0.000000000,-0.724676030,-0.689089727,0,0,0,0,1,-1
328,28259.983081,44418.927398,-221.577091,0.000000000,0.000000000,0.650481298,0.759522272,0,0,0,0,1,-1
329,28260.574094,44422.790637,-221.606701,0.000000000,0.000000000,0.630290753,0.776359174,0,0,0,0,1,-1
330,28261.398931,44426.765582,-221.638130,0.000000000,0.000000000,0.674659970,0.738128664,0,0,0,0,1,-1
331,28261.772416,44431.049768,-221.669724,0.000000000,0.000000000,-0.708696818,-0.705513161,0,0,0,0,1,-1
332,28261.741555,44435.033075,-221.697428,0.000000000,0.000000000,-0.713049313,-0.701113884,0,0,0,0,1,-1
333,28261.655792,44439.282507,-221.726753,0.000000000,0.000000000,0.666388205,0.745604963,0,0,0,0,1,-1
334,28262.093292,44443.267310,-221.756546,0.000000000,0.000000000,0.663274291,0.748376386,0,0,0,0,1,-1
335,28262.584296,44447.418722,-221.787743,0.000000000,0.000000000,0.643725514,0.765256469,0,0,0,0,1,-1
336,28263.291538,44451.548633,-221.819750,0.000000000,0.000000000,0.670203630,0.742177266,0,0,0,0,1,-1
337,28263.675388,44455.411211,-221.848459,0.000000000,0.000000000,0.692844505,0.721087021,0,0,0,0,1,-1
338,28263.824485,44459.450572,-221.877367,0.000000000,0.000000000,0.663746565,0.747957550,0,0,0,0,1,-1
339,28264.350406,44463.946067,-221.911136,0.000000000,0.000000000,0.668412672,0.743790629,0,0,0,0,1,-1
340,28264.795979,44468.219388,-221.942999,0.000000000,0.000000000,0.681495002,0.731822767,0,0,0,0,1,-1
341,28265.079821,44472.370138,-221.973291,0.000000000,0.000000000,0.677065747,0.735922533,0,0,0,0,1,-1
342,28265.408912,44476.454458,-222.003322,0.000000000,0.000000000,0.615471757,0.788158941,0,0,0,0,1,-1
343,28266.431392,44480.585376,-222.036750,0.000000000,0.000000000,0.495877669,0.868392387,0,0,0,0,1,-1
344,28268.491704,44484.087148,-222.070374,0.000000000,0.000000000,0.189627254,0.981856153,0,0,0,0,1,-1
345,28272.458629,44485.686528,-222.099129,0.000000000,0.000000000,0.048458312,0.998825206,0,0,0,0,1,-1
346,28276.582501,44486.099157,-222.120277,0.000000000,0.000000000,0.064423060,0.997922677,0,0,0,0,1,-1
347,28280.534883,44486.622198,-222.141441,0.000000000,0.000000000,0.036734736,0.999325052,0,0,0,0,1,-1
348,28284.469967,44486.923269,-222.160977,0.000000000,0.000000000,0.105036301,0.994468388,0,0,0,0,1,-1
349,28288.484286,44487.790483,-222.184829,0.000000000,0.000000000,-0.073417909,0.997301264,0,0,0,0,1,-1
350,28292.476240,44487.215168,-222.198489,0.000000000,0.000000000,-0.028333007,0.999598540,0,0,0,0,1,-1
351,28296.602153,44486.995350,-222.215234,0.000000000,0.000000000,0.012453807,0.999922448,0,0,0,0,1,-1
352,28300.627914,44487.108089,-222.233864,0.000000000,0.000000000,-0.042165680,0.999110632,0,0,0,0,1,-1
353,28304.583018,44486.787866,-222.249154,0.000000000,0.000000000,-0.095518380,0.995427666,0,0,0,0,1,-1
354,28308.440373,44486.056785,-222.261138,0.000000000,0.000000000,-0.013475018,0.999909208,0,0,0,0,1,-1
355,28312.574899,44485.959057,-222.278785,0.000000000,0.000000000,-0.036241957,0.999343044,0,0,0,0,1,-1
356,28316.719041,44485.672732,-222.295158,0.000000000,0.000000000,-0.063366550,0.997990321,0,0,0,0,1,-1
357,28320.566566,44485.196830,-222.308891,0.000000000,0.000000000,-0.043012269,0.999074544,0,0,0,0,1,-1
358,28324.701881,44484.855001,-222.324842,0.000000000,0.000000000,-0.095506288,0.995428827,0,0,0,0,1,-1
359,28328.847639,44484.069374,-222.337736,0.000000000,0.000000000,0.026486951,0.999649159,0,0,0,0,1,-1
360,28333.260267,44484.316516,-222.359044,0.000000000,0.000000000,-0.019496597,0.999809923,0,0,0,0,1,-1
361,28337.259834,44484.173983,-222.375795,0.000000000,0.000000000,-0.089677688,0.995970839,0,0,0,0,1,-1
362,28341.252225,44483.465542,-222.388556,0.000000000,0.000000000,-0.025473676,0.999675493,0,0,0,0,1,-1
363,28345.405089,44483.268025,-222.405608,0.000000000,0.000000000,0.004170862,0.999991302,0,0,0,0,1,-1
364,28349.413053,44483.314154,-222.423724,0.000000000,0.000000000,-0.059201333,0.998246063,0,0,0,0,1,-1
365,28353.440682,44482.849939,-222.438359,0.000000000,0.000000000,-0.049422339,0.998777970,0,0,0,0,1,-1
366,28357.486075,44482.463454,-222.453619,0.000000000,0.000000000,0.108517023,0.994094591,0,0,0,0,1,-1
367,28361.518294,44483.364045,-222.477829,0.000000000,0.000000000,0.264153976,0.964480522,0,0,0,0,1,-1
368,28365.087210,44485.483696,-222.508514,0.000000000,0.000000000,0.231711680,0.972784507,0,0,0,0,1,-1
369,28368.612168,44487.270332,-222.536676,0.000000000,0.000000000,0.450403772,0.892824978,0,0,0,0,1,-1
370,28370.907874,44490.384528,-222.568670,0.000000000,0.000000000,0.591073098,0.806617997,0,0,0,0,1,-1
371,28372.138144,44494.305304,-222.601577,0.000000000,0.000000000,0.697013048,0.717058443,0,0,0,0,1,-1
372,28372.233939,44498.100388,-222.628566,0.000000000,0.000000000,0.592608569,0.805490586,0,0,0,0,1,-1
373,28373.392726,44501.843401,-222.659916,0.000000000,0.000000000,0.658491648,0.752588034,0,0,0,0,1,-1
374,28373.928924,44505.928390,-222.690896,0.000000000,0.000000000,0.543666501,0.839301338,0,0,0,0,1,-1
375,28374.384969,44506.950669,-222.700079,0.000000000,0.000000000,0.073358762,0.997305616,0,0,0,0,1,-1
376,28378.301092,44507.540213,-222.721610,0.000000000,0.000000000,-0.118174058,0.992992896,0,0,0,0,1,-1
377,28382.366357,44506.576819,-222.732934,0.000000000,0.000000000,-0.043649117,0.999046923,0,0,0,0,1,-1
378,28386.186352,44506.256199,-222.747670,0.000000000,0.000000000,-0.059963105,0.998200594,0,0,0,0,1,-1
379,28390.069827,44505.802635,-222.761760,0.000000000,0.000000000,-0.053238341,0.998581834,0,0,0,0,1,-1
380,28394.448681,44505.350661,-222.778066,0.000000000,0.000000000,-0.081966027,0.996635124,0,0,0,0,1,-1
381,28398.017311,44504.774035,-222.789899,0.000000000,0.000000000,-0.016827522,0.999858407,0,0,0,0,1,-1
382,28401.989777,44504.653637,-222.806724,0.000000000,0.000000000,-0.053983831,0.998541810,0,0,0,0,1,-1
383,28405.999242,44504.233771,-222.821620,0.000000000,0.000000000,-0.025363904,0.999678284,0,0,0,0,1,-1
384,28410.170111,44504.036342,-222.838794,0.000000000,0.000000000,-0.078942288,0.996879188,0,0,0,0,1,-1
385,28414.018028,44503.438428,-222.851730,0.000000000,0.000000000,0.016471515,0.999864335,0,0,0,0,1,-1
386,28417.737475,44503.572428,-222.869221,0.000000000,0.000000000,-0.063424091,0.997986666,0,0,0,0,1,-1
387,28421.756199,44503.074928,-222.883624,0.000000000,0.000000000,-0.008435513,0.999964420,0,0,0,0,1,-1
388,28425.719443,44503.021085,-222.900889,0.000000000,0.000000000,0.051917237,0.998651391,0,0,0,0,1,-1
389,28429.780179,44503.455775,-222.922011,0.000000000,0.000000000,-0.063564899,0.997977707,0,0,0,0,1,-1
390,28433.789898,44502.958252,-222.936382,0.000000000,0.000000000,-0.057800230,0.998328169,0,0,0,0,1,-1
391,28437.628270,44502.526754,-222.950455,0.000000000,0.000000000,-0.083781334,0.996484163,0,0,0,0,1,-1
392,28441.710621,44501.851935,-222.963913,0.000000000,0.000000000,-0.027757101,0.999614697,0,0,0,0,1,-1
393,28445.521217,44501.653364,-222.979498,0.000000000,0.000000000,-0.015219338,0.999884179,0,0,0,0,1,-1
394,28449.547690,44501.544257,-222.996672,0.000000000,0.000000000,-0.024724319,0.999694307,0,0,0,0,1,-1
395,28453.601436,44501.357567,-223.013428,0.000000000,0.000000000,0.031470865,0.999504670,0,0,0,0,1,-1
396,28458.374112,44501.672505,-223.036902,0.000000000,0.000000000,0.039279375,0.999228268,0,0,0,0,1,-1
397,28462.336131,44501.995933,-223.056825,0.000000000,0.000000000,-0.093424370,0.995626379,0,0,0,0,1,-1
398,28466.517884,44501.221583,-223.070046,0.000000000,0.000000000,-0.128817811,0.991668277,0,0,0,0,1,-1
399,28470.105688,44500.289981,-223.079520,0.000000000,0.000000000,0.070261830,0.997528584,0,0,0,0,1,-1
400,28474.039894,44500.857433,-223.101035,0.000000000,0.000000000,-0.045957132,0.998943413,0,0,0,0,1,-1
401,28477.787876,44500.525525,-223.115426,0.000000000,0.000000000,-0.139635807,0.990202929,0,0,0,0,1,-1
402,28481.664443,44499.428420,-223.125037,0.000000000,0.000000000,-0.043958328,0.999033366,0,0,0,0,1,-1
403,28485.457424,44499.107755,-223.139712,0.000000000,0.000000000,0.028964164,0.999580451,0,0,0,0,1,-1
404,28490.068083,44499.388901,-223.162250,0.000000000,0.000000000,-0.093917177,0.995580014,0,0,0,0,1,-1
405,28493.582934,44498.734470,-223.173352,0.000000000,0.000000000,-0.011573648,0.999933023,0,0,0,0,1,-1
406,28497.915571,44498.648562,-223.192086,0.000000000,0.000000000,0.000000122,1.000000000,0,0,0,0,1,-1
407,28502.256890,44498.662546,-223.211561,0.000000000,0.000000000,0.048447887,0.998825712,0,0,0,0,1,-1
408,28506.839951,44499.121145,-223.235230,0.000000000,0.000000000,-0.215060735,0.976600676,0,0,0,0,1,-1
409,28510.529291,44497.435370,-223.239902,0.000000000,0.000000000,-0.001393305,0.999999029,0,0,0,0,1,-1
410,28514.528385,44497.437161,-223.257772,0.000000000,0.000000000,0.056708374,0.998390785,0,0,0,0,1,-1
411,28518.634009,44497.916420,-223.279462,0.000000000,0.000000000,0.427190620,0.904161586,0,0,0,0,1,-1
412,28520.230915,44499.863339,-223.300223,0.000000000,0.000000000,0.672341059,0.740241515,0,0,0,0,1,-1
413,28520.500738,44502.749127,-223.321629,0.000000000,0.000000000,-0.730328143,-0.683096482,0,0,0,0,1,-1
414,28520.141900,44507.840960,-223.355673,0.000000000,0.000000000,-0.877417529,-0.479727506,0,0,0,0,1,-1
415,28518.856459,44509.822972,-223.363808,0.000000000,0.000000000,0.487275159,0.873248486,0,0,0,0,1,-1
416,28520.881322,44513.113868,-223.395894,0.000000000,0.000000000,-0.741421503,-0.671039608,0,0,0,0,1,-1
417,28520.360577,44518.138604,-223.428754,0.000000000,0.000000000,-0.081254647,0.996693374,0,0,0,0,1,-1
418,28522.126862,44517.855806,-223.434663,0.000000000,0.000000000,-0.777143062,-0.629323972,0,0,0,0,1,-1
419,28521.340461,44521.481610,-223.456542,0.000000000,0.000000000,-0.871304993,-0.490741897,0,0,0,0,1,-1
420,28521.313296,44521.525906,-223.456731,0.000000000,0.000000000,-0.947460711,-0.319872163,0,0,0,0,1,-1
421,28519.949901,44522.553424,-223.457837,0.000000000,0.000000000,-0.757346912,0.653012752,0,0,0,0,1,-1
422,28519.623906,44520.322110,-223.440755,0.000000000,0.000000000,-0.627267607,0.778803794,0,0,0,0,1,-1
423,28520.556258,44516.130888,-223.415569,0.000000000,0.000000000,-0.755310186,0.655367472,0,0,0,0,1,-1
424,28520.204181,44513.610997,-223.396351,0.000000000,0.000000000,-0.741902453,0.670507830,0,0,0,0,1,-1
425,28519.872863,44510.247890,-223.371323,0.000000000,0.000000000,-0.580672356,0.814137344,0,0,0,0,1,-1
426,28520.791117,44507.621136,-223.357034,0.000000000,0.000000000,-0.636592506,0.771200351,0,0,0,0,1,-1
427,28522.256416,44500.191648,-223.311568,0.000000000,0.000000000,-0.888367182,0.459133694,0,0,0,0,1,-1
428,28518.858408,44495.387292,-223.262762,0.000000000,0.000000000,-0.993471371,-0.114081704,0,0,0,0,1,-1
429,28515.983044,44496.043774,-223.254515,0.000000000,0.000000000,-0.977945555,-0.208859979,0,0,0,0,1,-1
430,28515.559106,44496.231037,-223.253933,0.000000000,0.000000000,-0.907873903,-0.419243338,0,0,0,0,1,-1
431,28514.501292,44497.459266,-223.257806,0.000000000,0.000000000,-0.999712151,-0.023991987,0,0,0,0,1,-1
432,28510.555662,44497.635180,-223.241419,0.000000000,0.000000000,-0.998981088,-0.045130775,0,0,0,0,1,-1
433,28507.969927,44497.859860,-223.231446,0.000000000,0.000000000,-0.999081715,-0.042845378,0,0,0,0,1,-1
434,28507.321251,44497.913249,-223.228924,0.000000000,0.000000000,-0.947811317,-0.318831787,0,0,0,0,1,-1
435,28505.804376,44499.051234,-223.230118,0.000000000,0.000000000,-0.962254394,-0.272151578,0,0,0,0,1,-1
436,28504.351379,44499.934219,-223.229812,0.000000000,0.000000000,-0.994997677,-0.099898063,0,0,0,0,1,-1
437,28503.801599,44500.043407,-223.228122,0.000000000,0.000000000,-0.987542972,0.157349542,0,0,0,0,1,-1
438,28502.065110,44499.471925,-223.216371,0.000000000,0.000000000,-0.999840892,0.017837907,0,0,0,0,1,-1
439,28500.191895,44499.399315,-223.207501,0.000000000,0.000000000,-0.998973448,0.045299558,0,0,0,0,1,-1
440,28497.004396,44499.100556,-223.191184,0.000000000,0.000000000,-0.999647727,-0.026540959,0,0,0,0,1,-1
441,28495.536021,44499.173498,-223.185141,0.000000000,0.000000000,-0.992191102,0.124726971,0,0,0,0,1,-1
442,28494.141108,44498.813938,-223.176399,0.000000000,0.000000000,-0.990225572,-0.139475148,0,0,0,0,1,-1
443,28490.453864,44499.856169,-223.167242,0.000000000,0.000000000,-0.994500321,-0.104733525,0,0,0,0,1,-1
444,28489.354267,44500.085641,-223.163942,0.000000000,0.000000000,-0.998298392,-0.058312265,0,0,0,0,1,-1
445,28488.498288,44500.182747,-223.160803,0.000000000,0.000000000,-0.999918113,-0.012797129,0,0,0,0,1,-1
446,28487.192181,44500.211829,-223.155179,0.000000000,0.000000000,-0.999635786,0.026986931,0,0,0,0,1,-1
447,28485.129966,44500.094231,-223.145156,0.000000000,0.000000000,-0.977218644,-0.212235065,0,0,0,0,1,-1
448,28484.958582,44500.171350,-223.144931,0.000000000,0.000000000,-0.999813297,0.019322821,0,0,0,0,1,-1
449,28483.517661,44500.111232,-223.138083,0.000000000,0.000000000,-0.952338583,0.305042985,0,0,0,0,1,-1
450,28483.284023,44499.944042,-223.135870,0.000000000,0.000000000,-0.952338583,0.305042985,0,0,0,0,1,-1
451,28483.284023,44499.944042,-223.135870,0.000000000,0.000000000,-0.985303944,-0.170810241,0,0,0,0,1,-1
452,28482.878244,44500.086982,-223.135061,0.000000000,0.000000000,-0.999573838,0.029191485,0,0,0,0,1,-1
453,28481.734586,44500.016725,-223.129468,0.000000000,0.000000000,-0.999749885,-0.022364425,0,0,0,0,1,-1
454,28478.248417,44500.160845,-223.114927,0.000000000,0.000000000,-0.999855142,0.017020414,0,0,0,0,1,-1
455,28477.266775,44500.124398,-223.110294,0.000000000,0.000000000,-0.999411229,0.034310286,0,0,0,0,1,-1
456,28477.104687,44500.112780,-223.109490,0.000000000,0.000000000,-0.999323290,-0.036782639,0,0,0,0,1,-1
457,28474.987564,44500.261308,-223.101088,0.000000000,0.000000000,-0.998814942,-0.048669422,0,0,0,0,1,-1
458,28470.879127,44500.647536,-223.085472,0.000000000,0.000000000,-0.997722160,-0.067457328,0,0,0,0,1,-1
459,28467.103584,44501.145796,-223.072126,0.000000000,0.000000000,-0.979194097,-0.202925899,0,0,0,0,1,-1
460,28466.923194,44501.222887,-223.071862,0.000000000,0.000000000,-0.998581823,-0.053238550,0,0,0,0,1,-1
461,28463.274145,44501.599501,-223.058231,0.000000000,0.000000000,-0.999340182,-0.036320811,0,0,0,0,1,-1
462,28462.508379,44501.652517,-223.055189,0.000000000,0.000000000,-0.982736497,-0.185010747,0,0,0,0,1,-1
463,28460.993313,44502.235722,-223.052518,0.000000000,0.000000000,-0.952705029,-0.303896574,0,0,0,0,1,-1
464,28458.980165,44503.649514,-223.053443,0.000000000,0.000000000,-0.981445241,-0.191742637,0,0,0,0,1,-1
465,28455.985953,44504.849330,-223.048498,0.000000000,0.000000000,-0.980931732,-0.194352612,0,0,0,0,1,-1
466,28455.796556,44504.926391,-223.048193,0.000000000,0.000000000,-0.997098473,-0.076122505,0,0,0,0,1,-1
467,28451.948709,44505.502096,-223.035077,0.000000000,0.000000000,-0.993194653,-0.116466227,0,0,0,0,1,-1
468,28449.181471,44506.147852,-223.027268,0.000000000,0.000000000,-0.993194653,-0.116466227,0,0,0,0,1,-1
469,28449.181471,44506.147852,-223.027268,0.000000000,0.000000000,-0.999896553,-0.014383434,0,0,0,0,1,-1
470,28448.406808,44506.167553,-223.023955,0.000000000,0.000000000,-0.999772720,-0.021319222,0,0,0,0,1,-1
471,28447.623101,44506.198320,-223.020679,0.000000000,0.000000000,-0.998431957,-0.055978810,0,0,0,0,1,-1
472,28447.226654,44506.241429,-223.019214,0.000000000,0.000000000,-0.976704519,0.214588634,0,0,0,0,1,-1
473,28446.624094,44505.962096,-223.014574,0.000000000,0.000000000,-0.994035822,-0.109054040,0,0,0,0,1,-1
474,28446.272574,44506.038636,-223.013544,0.000000000,0.000000000,-0.996355649,-0.085296074,0,0,0,0,1,-1
475,28444.785610,44506.289060,-223.008673,0.000000000,0.000000000,-0.991941272,-0.126698515,0,0,0,0,1,-1
476,28442.595102,44506.847906,-223.002828,0.000000000,0.000000000,-0.984719372,0.174148665,0,0,0,0,1,-1
477,28442.046330,44506.646416,-222.998973,0.000000000,0.000000000,-0.999340179,-0.036320872,0,0,0,0,1,-1
478,28439.749036,44506.805469,-222.989854,0.000000000,0.000000000,-0.999628262,-0.027264223,0,0,0,0,1,-1
479,28439.136460,44506.836788,-222.987345,0.000000000,0.000000000,-0.998604705,-0.052807607,0,0,0,0,1,-1
480,28435.982973,44507.159527,-222.975560,0.000000000,0.000000000,-0.996735063,0.080741649,0,0,0,0,1,-1
481,28431.679953,44506.446660,-222.951408,0.000000000,0.000000000,-0.994834282,0.101512324,0,0,0,0,1,-1
482,28429.897779,44506.074771,-222.940869,0.000000000,0.000000000,-0.999753714,-0.022192614,0,0,0,0,1,-1
483,28428.141186,44506.146797,-222.933553,0.000000000,0.000000000,-0.996596664,0.082432331,0,0,0,0,1,-1
484,28427.204975,44505.988447,-222.928276,0.000000000,0.000000000,-0.998253148,-0.059081743,0,0,0,0,1,-1
485,28426.078683,44506.117979,-222.924169,0.000000000,0.000000000,-0.998680597,0.051352357,0,0,0,0,1,-1
486,28425.106264,44506.014992,-222.919119,0.000000000,0.000000000,-0.999590725,-0.028607384,0,0,0,0,1,-1
487,28424.133341,44506.067345,-222.915155,0.000000000,0.000000000,-1.000000000,-0.000000017,0,0,0,0,1,-1
488,28423.430804,44506.065088,-222.912012,0.000000000,0.000000000,-0.999840890,-0.017838003,0,0,0,0,1,-1
489,28422.493981,44506.095366,-222.908053,0.000000000,0.000000000,-0.998648851,0.051966075,0,0,0,0,1,-1
490,28420.999343,44505.935223,-222.900280,0.000000000,0.000000000,-0.990735352,-0.135806708,0,0,0,0,1,-1
491,28419.322552,44506.395862,-222.896041,0.000000000,0.000000000,-0.999722681,-0.023549130,0,0,0,0,1,-1
492,28418.376686,44506.437207,-222.892121,0.000000000,0.000000000,-0.995483664,-0.094932999,0,0,0,0,1,-1
493,28417.971124,44506.513576,-222.890851,0.000000000,0.000000000,-0.992198498,-0.124668119,0,0,0,0,1,-1
494,28417.403223,44506.655997,-222.889320,0.000000000,0.000000000,-0.997158670,-0.075329860,0,0,0,0,1,-1
495,28416.375935,44506.808040,-222.885813,0.000000000,0.000000000,-0.999668346,0.025752619,0,0,0,0,1,-1
496,28416.159806,44506.796250,-222.884769,0.000000000,0.000000000,-0.997687846,-0.067962939,0,0,0,0,1,-1
497,28412.086898,44507.337961,-222.870437,0.000000000,0.000000000,-0.999780347,-0.020958456,0,0,0,0,1,-1
498,28407.835076,44507.501842,-222.852667,0.000000000,0.000000000,-0.997389079,-0.072215131,0,0,0,0,1,-1
499,28407.375510,44507.566941,-222.851078,0.000000000,0.000000000,-0.996280935,0.086164370,0,0,0,0,1,-1
500,28405.458124,44507.227910,-222.840175,0.000000000,0.000000000,-0.999567061,-0.029422633,0,0,0,0,1,-1
501,28404.890582,44507.259376,-222.837870,0.000000000,0.000000000,-0.998861216,0.047710283,0,0,0,0,1,-1
502,28403.377895,44507.110273,-222.830098,0.000000000,0.000000000,-0.998028841,-0.062756927,0,0,0,0,1,-1
503,28402.936378,44507.164335,-222.828512,0.000000000,0.000000000,-0.999898138,0.014272801,0,0,0,0,1,-1
504,28401.765591,44507.127289,-222.823045,0.000000000,0.000000000,-0.998783345,-0.049313581,0,0,0,0,1,-1
505,28401.315104,44507.170226,-222.821342,0.000000000,0.000000000,-0.998857163,0.047795062,0,0,0,0,1,-1
506,28400.153576,44507.055539,-222.815373,0.000000000,0.000000000,-0.996779144,-0.080195628,0,0,0,0,1,-1
507,28398.432363,44507.327411,-222.809621,0.000000000,0.000000000,-0.999266928,0.038283236,0,0,0,0,1,-1
508,28397.270764,44507.234915,-222.803807,0.000000000,0.000000000,-0.999273671,-0.038106825,0,0,0,0,1,-1
509,28396.541027,44507.288053,-222.800934,0.000000000,0.000000000,-0.999991930,-0.004017336,0,0,0,0,1,-1
510,28395.153932,44507.294697,-222.794812,0.000000000,0.000000000,-0.998106090,0.061516114,0,0,0,0,1,-1
511,28394.703767,44507.237773,-222.792412,0.000000000,0.000000000,-0.999691228,-0.024848513,0,0,0,0,1,-1
512,28392.911111,44507.320786,-222.785021,0.000000000,0.000000000,-0.996887498,-0.078837277,0,0,0,0,1,-1
513,28390.739339,44507.657788,-222.777724,0.000000000,0.000000000,-0.992882011,0.119102108,0,0,0,0,1,-1
514,28389.641363,44507.387965,-222.770953,0.000000000,0.000000000,-0.999008754,-0.044514150,0,0,0,0,1,-1
515,28387.893525,44507.537698,-222.764231,0.000000000,0.000000000,-0.997117336,0.075875011,0,0,0,0,1,-1
516,28387.020289,44507.401746,-222.759397,0.000000000,0.000000000,-0.999991144,0.004208474,0,0,0,0,1,-1
517,28383.048364,44507.355716,-222.741418,0.000000000,0.000000000,-0.999285435,-0.037797086,0,0,0,0,1,-1
518,28382.606919,44507.387587,-222.739679,0.000000000,0.000000000,-0.999694304,0.024724432,0,0,0,0,1,-1
519,28381.931511,44507.352133,-222.736429,0.000000000,0.000000000,-0.993177082,-0.116615970,0,0,0,0,1,-1
520,28379.308497,44507.965086,-222.729062,0.000000000,0.000000000,-0.990419652,0.138090236,0,0,0,0,1,-1
521,28375.628062,44506.910273,-222.705320,0.000000000,0.000000000,-0.755038861,0.655680042,0,0,0,0,1,-1
522,28374.932724,44501.903819,-222.667182,0.000000000,0.000000000,-0.764215277,0.644961247,0,0,0,0,1,-1
523,28374.216963,44497.640722,-222.634160,0.000000000,0.000000000,-0.826743553,0.562578970,0,0,0,0,1,-1
524,28373.663099,44496.229774,-222.621823,0.000000000,0.000000000,-0.995971915,0.089665737,0,0,0,0,1,-1
525,28370.656559,44495.676437,-222.604591,0.000000000,0.000000000,-0.993885112,-0.110419128,0,0,0,0,1,-1
526,28370.458263,44495.720184,-222.604016,0.000000000,0.000000000,-0.999947439,-0.010252757,0,0,0,0,1,-1
527,28368.827908,44495.748244,-222.596969,0.000000000,0.000000000,-0.985791404,-0.167974129,0,0,0,0,1,-1
528,28365.076804,44497.045526,-222.589385,0.000000000,0.000000000,-0.986127960,-0.165986886,0,0,0,0,1,-1
529,28364.625956,44497.199423,-222.588459,0.000000000,0.000000000,-1.000000000,-0.000000035,0,0,0,0,1,-1
530,28363.410026,44497.195524,-222.583030,0.000000000,0.000000000,-0.997409152,-0.071937353,0,0,0,0,1,-1
531,28362.256606,44497.358264,-222.579046,0.000000000,0.000000000,-0.999124571,-0.041834108,0,0,0,0,1,-1
532,28361.193506,44497.443623,-222.574922,0.000000000,0.000000000,-0.998830289,-0.048353436,0,0,0,0,1,-1
533,28360.734011,44497.486534,-222.573181,0.000000000,0.000000000,-0.997875104,0.065155795,0,0,0,0,1,-1
534,28358.780342,44497.225067,-222.562674,0.000000000,0.000000000,-0.995290095,-0.096941362,0,0,0,0,1,-1
535,28357.419440,44497.487005,-222.558464,0.000000000,0.000000000,-0.999959811,-0.008965287,0,0,0,0,1,-1
536,28356.797929,44497.496109,-222.555767,0.000000000,0.000000000,-0.992730098,-0.120361756,0,0,0,0,1,-1
537,28355.166389,44497.890330,-222.551281,0.000000000,0.000000000,-0.993131736,0.117001517,0,0,0,0,1,-1
538,28353.861396,44497.575465,-222.543282,0.000000000,0.000000000,-0.961874668,-0.273490626,0,0,0,0,1,-1
539,28353.049160,44498.072174,-222.543153,0.000000000,0.000000000,-0.999036847,0.043879131,0,0,0,0,1,-1
540,28350.897125,44497.876649,-222.532229,0.000000000,0.000000000,-0.997086672,-0.076276918,0,0,0,0,1,-1
541,28347.274561,44498.419834,-222.519947,0.000000000,0.000000000,-0.999737853,-0.022895986,0,0,0,0,1,-1
542,28347.031339,44498.430150,-222.518940,0.000000000,0.000000000,-0.996999194,0.077411925,0,0,0,0,1,-1
543,28345.248873,44498.147043,-222.509045,0.000000000,0.000000000,-0.999796726,-0.020162004,0,0,0,0,1,-1
544,28344.420131,44498.177676,-222.505581,0.000000000,0.000000000,-0.999731269,0.023181655,0,0,0,0,1,-1
545,28342.258801,44498.070889,-222.495240,0.000000000,0.000000000,-0.996959041,-0.077927347,0,0,0,0,1,-1
546,28341.195450,44498.233921,-222.491661,0.000000000,0.000000000,-0.999744200,0.022617128,0,0,0,0,1,-1
547,28338.980079,44498.126962,-222.481080,0.000000000,0.000000000,-0.998187985,-0.060172636,0,0,0,0,1,-1
548,28336.123783,44498.461785,-222.470748,0.000000000,0.000000000,-0.999915216,-0.013021516,0,0,0,0,1,-1
549,28335.268057,44498.481236,-222.467086,0.000000000,0.000000000,-0.999471398,-0.032510383,0,0,0,0,1,-1
550,28334.412223,44498.533974,-222.463658,0.000000000,0.000000000,-0.999974128,0.007193330,0,0,0,0,1,-1
551,28332.863110,44498.506821,-222.456594,0.000000000,0.000000000,-0.997057944,-0.076651526,0,0,0,0,1,-1
552,28332.646837,44498.539416,-222.455862,0.000000000,0.000000000,-0.998786112,0.049257520,0,0,0,0,1,-1
553,28328.703076,44498.138434,-222.435558,0.000000000,0.000000000,-0.993621055,0.112770560,0,0,0,0,1,-1
554,28327.686051,44497.902165,-222.429392,0.000000000,0.000000000,-0.993748542,-0.111641552,0,0,0,0,1,-1
555,28326.901878,44498.077187,-222.427138,0.000000000,0.000000000,-0.994265777,0.106937201,0,0,0,0,1,-1
556,28325.110763,44497.683099,-222.416434,0.000000000,0.000000000,-0.988414510,-0.151778641,0,0,0,0,1,-1
557,28321.351089,44498.847222,-222.407906,0.000000000,0.000000000,-0.996509389,-0.083480763,0,0,0,0,1,-1
558,28319.368498,44499.173751,-222.401399,0.000000000,0.000000000,-0.998858764,0.047761590,0,0,0,0,1,-1
559,28318.089914,44499.047604,-222.394845,0.000000000,0.000000000,-0.997859527,-0.065393916,0,0,0,0,1,-1
560,28316.819405,44499.209975,-222.390347,0.000000000,0.000000000,-0.999852449,-0.017177916,0,0,0,0,1,-1
561,28316.170838,44499.230091,-222.387612,0.000000000,0.000000000,-0.997994289,-0.063304019,0,0,0,0,1,-1
562,28314.945399,44499.381511,-222.383238,0.000000000,0.000000000,-0.998854053,0.047860018,0,0,0,0,1,-1
563,28312.973501,44499.186572,-222.373129,0.000000000,0.000000000,-0.997711386,-0.067616496,0,0,0,0,1,-1
564,28309.206973,44499.684928,-222.359918,0.000000000,0.000000000,-0.999882818,-0.015308488,0,0,0,0,1,-1
565,28307.387403,44499.734585,-222.352199,0.000000000,0.000000000,-0.999982969,-0.005836313,0,0,0,0,1,-1
566,28306.432637,44499.742626,-222.348022,0.000000000,0.000000000,-0.999960100,-0.008932982,0,0,0,0,1,-1
567,28303.937586,44499.779027,-222.337217,0.000000000,0.000000000,-0.998270925,-0.058780613,0,0,0,0,1,-1
568,28302.333751,44499.962526,-222.331392,0.000000000,0.000000000,-0.999750316,-0.022345135,0,0,0,0,1,-1
569,28301.586072,44499.993422,-222.328295,0.000000000,0.000000000,-0.994057843,-0.108853134,0,0,0,0,1,-1
570,28298.215096,44500.726060,-222.318483,0.000000000,0.000000000,-0.999995742,0.002918204,0,0,0,0,1,-1
571,28296.305672,44500.708858,-222.309901,0.000000000,0.000000000,-0.996276041,-0.086220943,0,0,0,0,1,-1
572,28294.962893,44500.937576,-222.305552,0.000000000,0.000000000,-0.996276041,-0.086220943,0,0,0,0,1,-1
573,28294.962893,44500.937576,-222.305552,0.000000000,0.000000000,-0.998934629,-0.046147668,0,0,0,0,1,-1
574,28293.638487,44501.055395,-222.300508,0.000000000,0.000000000,-0.993885104,-0.110419197,0,0,0,0,1,-1
575,28293.440192,44501.099144,-222.299935,0.000000000,0.000000000,-0.998066008,-0.062163037,0,0,0,0,1,-1
576,28291.746217,44501.304548,-222.293867,0.000000000,0.000000000,-0.999189621,-0.040250475,0,0,0,0,1,-1
577,28291.331793,44501.336510,-222.292255,0.000000000,0.000000000,-0.998367215,-0.057121835,0,0,0,0,1,-1
578,28290.457803,44501.433578,-222.289062,0.000000000,0.000000000,-1.000000000,-0.000000009,0,0,0,0,1,-1
579,28290.232631,44501.432858,-222.288059,0.000000000,0.000000000,-0.998257098,-0.059014961,0,0,0,0,1,-1
580,28289.574877,44501.508426,-222.285674,0.000000000,0.000000000,-0.998257098,-0.059014961,0,0,0,0,1,-1
581,28289.574877,44501.508426,-222.285674,0.000000000,0.000000000,-1.000000000,-0.000000009,0,0,0,0,1,-1
582,28289.349705,44501.507706,-222.284672,0.000000000,0.000000000,-0.999831307,-0.018367310,0,0,0,0,1,-1
583,28288.439902,44501.538084,-222.280854,0.000000000,0.000000000,-0.999654110,-0.026299428,0,0,0,0,1,-1
584,28288.016507,44501.558922,-222.279124,0.000000000,0.000000000,-0.999832491,-0.018302752,0,0,0,0,1,-1
585,28283.755749,44501.700642,-222.261241,0.000000000,0.000000000,-0.999548876,-0.030034048,0,0,0,0,1,-1
586,28279.864023,44501.921214,-222.245548,0.000000000,0.000000000,-0.999674392,-0.025516867,0,0,0,0,1,-1
587,28277.900200,44502.014800,-222.237506,0.000000000,0.000000000,-0.998564295,-0.053566299,0,0,0,0,1,-1
588,28277.692970,44502.036330,-222.236739,0.000000000,0.000000000,-0.999979662,-0.006377791,0,0,0,0,1,-1
589,28275.945563,44502.052936,-222.229117,0.000000000,0.000000000,-0.997813802,-0.066087951,0,0,0,0,1,-1
590,28275.107565,44502.161217,-222.226164,0.000000000,0.000000000,-0.999880465,-0.015461439,0,0,0,0,1,-1
591,28274.026631,44502.191050,-222.221587,0.000000000,0.000000000,-0.999638938,-0.026869923,0,0,0,0,1,-1
592,28273.819437,44502.201484,-222.220742,0.000000000,0.000000000,-0.999946854,-0.010309695,0,0,0,0,1,-1
593,28272.738540,44502.220221,-222.216088,0.000000000,0.000000000,-0.995692240,-0.092719806,0,0,0,0,1,-1
594,28271.017187,44502.536500,-222.210680,0.000000000,0.000000000,-0.999810347,-0.019474880,0,0,0,0,1,-1
595,28269.873169,44502.577228,-222.205900,0.000000000,0.000000000,-0.998506298,-0.054636737,0,0,0,0,1,-1
596,28268.755922,44502.695712,-222.201783,0.000000000,0.000000000,-0.999991341,-0.004161516,0,0,0,0,1,-1
597,28264.738744,44502.716165,-222.184143,0.000000000,0.000000000,-0.950923630,0.309425676,0,0,0,0,1,-1
598,28261.225284,44500.152899,-222.150648,0.000000000,0.000000000,-0.962040443,0.272906920,0,0,0,0,1,-1
599,28257.908327,44498.100670,-222.121603,0.000000000,0.000000000,-0.956558323,0.291541034,0,0,0,0,1,-1
600,28254.466131,44495.781743,-222.090140,0.000000000,0.000000000,-0.992232289,-0.124398894,0,0,0,0,1,-1
601,28254.159646,44495.858435,-222.089320,0.000000000,0.000000000,-0.999977392,0.006724275,0,0,0,0,1,-1
602,28253.331048,44495.844693,-222.085558,0.000000000,0.000000000,-0.999920326,-0.012623073,0,0,0,0,1,-1
603,28252.889674,44495.854379,-222.083673,0.000000000,0.000000000,-0.997695702,0.067847517,0,0,0,0,1,-1
604,28249.954716,44495.445557,-222.067826,0.000000000,0.000000000,-0.996176155,-0.087367435,0,0,0,0,1,-1
605,28247.809860,44495.815968,-222.060929,0.000000000,0.000000000,-0.998770184,0.049579427,0,0,0,0,1,-1
606,28243.668013,44495.392199,-222.039642,0.000000000,0.000000000,-0.871861772,0.489752030,0,0,0,0,1,-1
607,28243.229000,44494.669568,-222.032642,0.000000000,0.000000000,-0.982085357,-0.188436600,0,0,0,0,1,-1
608,28239.783969,44496.023359,-222.026881,0.000000000,0.000000000,-0.999881945,0.015365396,0,0,0,0,1,-1
609,28238.334003,44495.974348,-222.020125,0.000000000,0.000000000,-0.994389375,-0.105781717,0,0,0,0,1,-1
610,28238.126701,44496.018070,-222.019514,0.000000000,0.000000000,-0.999425992,-0.033877531,0,0,0,0,1,-1
611,28235.991603,44496.155502,-222.011035,0.000000000,0.000000000,-0.995967469,-0.089715105,0,0,0,0,1,-1
612,28232.062311,44496.853096,-221.998543,0.000000000,0.000000000,-0.992373428,-0.123267914,0,0,0,0,1,-1
613,28229.763695,44497.422745,-221.992368,0.000000000,0.000000000,0.693303584,0.720645641,0,0,0,0,1,-1
614,28229.912378,44501.595255,-222.022232,0.000000000,0.000000000,-0.793998945,-0.607919135,0,0,0,0,1,-1
615,28228.928088,44505.176070,-222.042948,0.000000000,0.000000000,0.674402074,0.738364302,0,0,0,0,1,-1
616,28229.301693,44509.426968,-222.074361,0.000000000,0.000000000,0.671833281,0.740702398,0,0,0,0,1,-1
617,28229.658857,44513.189596,-222.102285,0.000000000,0.000000000,-0.712702265,-0.701466665,0,0,0,0,1,-1
618,28229.583083,44517.139473,-222.129608,0.000000000,0.000000000,0.683002138,0.730416374,0,0,0,0,1,-1
619,28229.848962,44521.279069,-222.159773,0.000000000,0.000000000,0.696096643,0.717948093,0,0,0,0,1,-1
620,28229.961974,44525.340506,-222.188718,0.000000000,0.000000000,0.692206522,0.721699474,0,0,0,0,1,-1
621,28230.144896,44530.067917,-222.222639,0.000000000,0.000000000,-0.720973899,-0.692962219,0,0,0,0,1,-1
622,28229.969653,44534.139530,-222.250386,0.000000000,0.000000000,0.614681512,0.788775405,0,0,0,0,1,-1
623,28231.170099,44538.947859,-222.289379,0.000000000,0.000000000,0.665677196,0.746239821,0,0,0,0,1,-1
624,28231.616578,44542.943785,-222.319350,0.000000000,0.000000000,-0.713427098,-0.700729460,0,0,0,0,1,-1
625,28231.531653,44546.938016,-222.346963,0.000000000,0.000000000,0.628630440,0.777704166,0,0,0,0,1,-1
626,28232.223675,44550.202400,-222.372898,0.000000000,0.000000000,0.669545546,0.742771002,0,0,0,0,1,-1
627,28232.607749,44553.998403,-222.401199,0.000000000,0.000000000,0.669519566,0.742794420,0,0,0,0,1,-1
628,28232.983101,44557.705610,-222.428842,0.000000000,0.000000000,0.653534960,0.756896331,0,0,0,0,1,-1
629,28233.546989,44561.602049,-222.458646,0.000000000,0.000000000,0.643956888,0.765061779,0,0,0,0,1,-1
630,28234.209987,44565.487708,-222.488816,0.000000000,0.000000000,0.680334441,0.732901800,0,0,0,0,1,-1
631,28234.494412,44569.460926,-222.517928,0.000000000,0.000000000,0.704811148,0.709394986,0,0,0,0,1,-1
632,28234.508060,44573.610813,-222.547085,0.000000000,0.000000000,0.667924797,0.744228772,0,0,0,0,1,-1
633,28234.910110,44577.417969,-222.575558,0.000000000,0.000000000,0.660523001,0.750805811,0,0,0,0,1,-1
634,28235.393113,44581.258670,-222.604626,0.000000000,0.000000000,0.660793058,0.750568141,0,0,0,0,1,-1
635,28235.849703,44584.910658,-222.632257,0.000000000,0.000000000,0.680410125,0.732831537,0,0,0,0,1,-1
636,28236.134090,44588.894972,-222.661459,0.000000000,0.000000000,0.671779410,0.740751257,0,0,0,0,1,-1
637,28236.508689,44592.835190,-222.690753,0.000000000,0.000000000,0.683598302,0.729858453,0,0,0,0,1,-1
638,28236.739965,44596.530842,-222.717700,0.000000000,0.000000000,0.658501309,0.752579581,0,0,0,0,1,-1
639,28237.258636,44600.482616,-222.747717,0.000000000,0.000000000,0.703386428,0.710807662,0,0,0,0,1,-1
640,28237.289903,44604.754614,-222.777829,0.000000000,0.000000000,-0.715481131,-0.698632057,0,0,0,0,1,-1
641,28237.177490,44608.893003,-222.806370,0.000000000,0.000000000,-0.872850489,-0.487987730,0,0,0,0,1,-1
642,28234.932154,44612.503080,-222.821774,0.000000000,0.000000000,-0.946683930,-0.322163834,0,0,0,0,1,-1
643,28233.379164,44613.685379,-222.823204,0.000000000,0.000000000,-0.999773692,0.021273557,0,0,0,0,1,-1
644,28229.191588,44613.494483,-222.803350,0.000000000,0.000000000,-0.999977391,0.006724371,0,0,0,0,1,-1
645,28228.363001,44613.480744,-222.799591,0.000000000,0.000000000,-0.996324441,-0.085659843,0,0,0,0,1,-1
646,28227.461823,44613.633210,-222.796677,0.000000000,0.000000000,-0.999994527,0.003308379,0,0,0,0,1,-1
647,28225.777593,44613.616741,-222.789116,0.000000000,0.000000000,-0.992999700,-0.118116875,0,0,0,0,1,-1
648,28223.605282,44614.131315,-222.783125,0.000000000,0.000000000,-0.997766545,-0.066797619,0,0,0,0,1,-1
649,28222.361811,44614.293786,-222.778769,0.000000000,0.000000000,-1.000000000,-0.000000009,0,0,0,0,1,-1
650,28222.127635,44614.293039,-222.777729,0.000000000,0.000000000,-0.992652149,-0.121002938,0,0,0,0,1,-1
651,28221.902288,44614.347800,-222.777117,0.000000000,0.000000000,-0.992652149,-0.121002938,0,0,0,0,1,-1
652,28221.902288,44614.347800,-222.777117,0.000000000,0.000000000,-0.999867558,0.016274695,0,0,0,0,1,-1
653,28219.848959,44614.274675,-222.767529,0.000000000,0.000000000,-0.997167777,-0.075209208,0,0,0,0,1,-1
654,28217.497048,44614.622241,-222.759575,0.000000000,0.000000000,-0.999960950,-0.008837360,0,0,0,0,1,-1
655,28216.866539,44614.631326,-222.756852,0.000000000,0.000000000,-0.998624245,-0.052436794,0,0,0,0,1,-1
656,28215.172695,44614.803457,-222.750575,0.000000000,0.000000000,-0.998938597,0.046061689,0,0,0,0,1,-1
657,28213.002707,44614.596812,-222.739537,0.000000000,0.000000000,-0.999377204,-0.035287462,0,0,0,0,1,-1
658,28212.056781,44614.660371,-222.735803,0.000000000,0.000000000,-0.999994915,0.003189008,0,0,0,0,1,-1
659,28210.309504,44614.643703,-222.727967,0.000000000,0.000000000,-0.995363771,-0.096181931,0,0,0,0,1,-1
660,28208.308751,44615.025678,-222.721808,0.000000000,0.000000000,-1.000000000,-0.000000017,0,0,0,0,1,-1
661,28207.705298,44615.023754,-222.719129,0.000000000,0.000000000,-0.995199874,-0.097863222,0,0,0,0,1,-1
662,28205.515260,44615.449510,-222.712443,0.000000000,0.000000000,-0.999929248,-0.011895343,0,0,0,0,1,-1
663,28203.641709,44615.487921,-222.704437,0.000000000,0.000000000,-0.995304085,-0.096797615,0,0,0,0,1,-1
664,28199.495989,44616.284702,-222.691719,0.000000000,0.000000000,-0.994530472,-0.104446830,0,0,0,0,1,-1
665,28198.288261,44616.536057,-222.688149,0.000000000,0.000000000,-0.999239764,-0.038985817,0,0,0,0,1,-1
666,28197.432404,44616.599905,-222.684818,0.000000000,0.000000000,-0.994035669,-0.109055437,0,0,0,0,1,-1
667,28195.323321,44617.059208,-222.678728,0.000000000,0.000000000,-0.998106040,-0.061516924,0,0,0,0,1,-1
668,28194.512391,44617.156486,-222.675830,0.000000000,0.000000000,-0.987922687,-0.154947622,0,0,0,0,1,-1
669,28190.869908,44618.309943,-222.667843,0.000000000,0.000000000,-0.996369047,-0.085139427,0,0,0,0,1,-1
670,28188.797210,44618.658405,-222.661138,0.000000000,0.000000000,-0.999803605,0.019817972,0,0,0,0,1,-1
671,28187.392333,44618.598450,-222.654516,0.000000000,0.000000000,-0.995145939,-0.098410164,0,0,0,0,1,-1
672,28185.103152,44619.046087,-222.647553,0.000000000,0.000000000,-0.999615957,0.027711713,0,0,0,0,1,-1
673,28181.086848,44618.811376,-222.628178,0.000000000,0.000000000,-0.999285418,0.037797540,0,0,0,0,1,-1
674,28180.645624,44618.776683,-222.625988,0.000000000,0.000000000,-0.995109593,-0.098777008,0,0,0,0,1,-1
675,28178.698914,44619.158837,-222.620079,0.000000000,0.000000000,-0.999508479,0.031349650,0,0,0,0,1,-1
676,28175.682254,44618.960600,-222.605375,0.000000000,0.000000000,-0.994894460,-0.100920831,0,0,0,0,1,-1
677,28172.690046,44619.561343,-222.596389,0.000000000,0.000000000,-0.999385978,0.035038078,0,0,0,0,1,-1
678,28171.420378,44619.468533,-222.590136,0.000000000,0.000000000,-0.986589225,-0.163222854,0,0,0,0,1,-1
679,28168.075230,44620.589658,-222.583248,0.000000000,0.000000000,-0.999992524,-0.003866750,0,0,0,0,1,-1
680,28166.634112,44620.596166,-222.576936,0.000000000,0.000000000,-0.996246383,-0.086562948,0,0,0,0,1,-1
681,28164.723609,44620.922959,-222.570803,0.000000000,0.000000000,-0.999813290,-0.019323161,0,0,0,0,1,-1
682,28163.858852,44620.953494,-222.567203,0.000000000,0.000000000,-0.995765097,-0.091934061,0,0,0,0,1,-1
683,28160.326098,44621.596903,-222.556138,0.000000000,0.000000000,-0.995765097,-0.091934061,0,0,0,0,1,-1
684,28160.326098,44621.596903,-222.556138,0.000000000,0.000000000,-1.000000000,-0.000000009,0,0,0,0,1,-1
685,28160.127949,44621.596272,-222.555260,0.000000000,0.000000000,-1.000000000,-0.000000052,0,0,0,0,1,-1
686,28158.416664,44621.590826,-222.547675,0.000000000,0.000000000,-0.996038768,-0.088920034,0,0,0,0,1,-1
687,28156.434035,44621.939583,-222.541380,0.000000000,0.000000000,-0.999161322,0.040946950,0,0,0,0,1,-1
688,28154.534108,44621.778195,-222.531869,0.000000000,0.000000000,-0.993695380,-0.112113743,0,0,0,0,1,-1
689,28153.119012,44622.095471,-222.527857,0.000000000,0.000000000,-0.997987150,0.063416471,0,0,0,0,1,-1
690,28150.238025,44621.720141,-222.512521,0.000000000,0.000000000,-0.992512550,-0.122142699,0,0,0,0,1,-1
691,28146.578357,44622.618357,-222.502693,0.000000000,0.000000000,-0.996707967,-0.081075453,0,0,0,0,1,-1
692,28145.965576,44622.716270,-222.500679,0.000000000,0.000000000,-0.999584157,0.028835954,0,0,0,0,1,-1
693,28143.264047,44622.552334,-222.487621,0.000000000,0.000000000,-0.995845645,-0.091057410,0,0,0,0,1,-1
694,28141.389536,44622.890343,-222.481732,0.000000000,0.000000000,-0.999288638,0.037712306,0,0,0,0,1,-1
695,28137.409510,44622.578096,-222.462000,0.000000000,0.000000000,-0.998783317,0.049314148,0,0,0,0,1,-1
696,28134.933434,44622.326114,-222.449321,0.000000000,0.000000000,-0.997033586,-0.076967716,0,0,0,0,1,-1
697,28132.779750,44622.652140,-222.442120,0.000000000,0.000000000,-0.998882691,0.047258544,0,0,0,0,1,-1
698,28130.312645,44622.411283,-222.429561,0.000000000,0.000000000,-0.999313606,-0.037044783,0,0,0,0,1,-1
699,28129.411755,44622.474994,-222.426039,0.000000000,0.000000000,-1.000000000,-0.000000009,0,0,0,0,1,-1
700,28128.979431,44622.473619,-222.424125,0.000000000,0.000000000,-0.990899900,-0.134600848,0,0,0,0,1,-1
701,28128.294311,44622.660070,-222.422416,0.000000000,0.000000000,-0.999772714,-0.021319493,0,0,0,0,1,-1
702,28128.033080,44622.670336,-222.421337,0.000000000,0.000000000,-0.997833511,-0.065789697,0,0,0,0,1,-1
703,28125.086622,44623.049323,-222.411018,0.000000000,0.000000000,-0.997197456,0.074814657,0,0,0,0,1,-1
704,28124.348424,44622.936018,-222.406972,0.000000000,0.000000000,-0.991459955,-0.130411492,0,0,0,0,1,-1
705,28122.473415,44623.429371,-222.402176,0.000000000,0.000000000,-0.995606310,0.093638000,0,0,0,0,1,-1
706,28121.006203,44623.147311,-222.393735,0.000000000,0.000000000,-0.999933573,-0.011526074,0,0,0,0,1,-1
707,28119.556008,44623.175989,-222.387549,0.000000000,0.000000000,-0.994536265,0.104391658,0,0,0,0,1,-1
708,28117.404852,44622.714223,-222.374835,0.000000000,0.000000000,-0.998971103,-0.045351237,0,0,0,0,1,-1
709,28116.792214,44622.767755,-222.372513,0.000000000,0.000000000,-0.999829621,-0.018458845,0,0,0,0,1,-1
710,28116.188690,44622.788029,-222.369998,0.000000000,0.000000000,-0.999018813,-0.044287813,0,0,0,0,1,-1
711,28114.431873,44622.937788,-222.363314,0.000000000,0.000000000,-0.999575162,0.029146117,0,0,0,0,1,-1
712,28113.477335,44622.879276,-222.358701,0.000000000,0.000000000,-0.995483543,-0.094934267,0,0,0,0,1,-1
713,28112.260674,44623.108422,-222.354952,0.000000000,0.000000000,-0.999813291,0.019323118,0,0,0,0,1,-1
714,28111.684313,44623.084399,-222.352246,0.000000000,0.000000000,-0.990251972,-0.139287586,0,0,0,0,1,-1
715,28109.313363,44623.753712,-222.346507,0.000000000,0.000000000,-0.999988848,0.004722608,0,0,0,0,1,-1
716,28108.133514,44623.738868,-222.341209,0.000000000,0.000000000,-0.994638643,-0.103411648,0,0,0,0,1,-1
717,28105.799197,44624.219669,-222.334308,0.000000000,0.000000000,-0.996324433,-0.085659939,0,0,0,0,1,-1
718,28105.348609,44624.295909,-222.332860,0.000000000,0.000000000,-0.991381102,-0.131009581,0,0,0,0,1,-1
719,28101.409275,44625.337500,-222.322834,0.000000000,0.000000000,-0.985636669,-0.168879711,0,0,0,0,1,-1
720,28098.154170,44626.470033,-222.316459,0.000000000,0.000000000,-0.996306355,-0.085869937,0,0,0,0,1,-1
721,28097.126830,44626.644304,-222.313162,0.000000000,0.000000000,-0.994419273,-0.105500278,0,0,0,0,1,-1
722,28094.684327,44627.158052,-222.306021,0.000000000,0.000000000,-0.996868283,-0.079079877,0,0,0,0,1,-1
723,28092.449513,44627.506022,-222.298632,0.000000000,0.000000000,-0.997556571,0.069863349,0,0,0,0,1,-1
724,28089.046489,44627.018097,-222.280236,0.000000000,0.000000000,-0.986200105,-0.165557701,0,0,0,0,1,-1
725,28084.493062,44628.568155,-222.271088,0.000000000,0.000000000,-0.993782268,-0.111340937,0,0,0,0,1,-1
726,28081.888225,44629.147966,-222.263702,0.000000000,0.000000000,-0.996895375,0.078737606,0,0,0,0,1,-1
727,28078.314357,44628.570735,-222.243934,0.000000000,0.000000000,-0.995448989,-0.095295910,0,0,0,0,1,-1
728,28075.024864,44629.192759,-222.233836,0.000000000,0.000000000,-0.991893284,-0.127073654,0,0,0,0,1,-1
729,28074.853594,44629.236599,-222.233391,0.000000000,0.000000000,-0.993262925,-0.115882536,0,0,0,0,1,-1
730,28074.240672,44629.378900,-222.231695,0.000000000,0.000000000,-0.998874536,-0.047430597,0,0,0,0,1,-1
731,28074.006426,44629.400348,-222.230816,0.000000000,0.000000000,-0.999815761,-0.019194877,0,0,0,0,1,-1
732,28069.943882,44629.542800,-222.213956,0.000000000,0.000000000,-0.993728475,-0.111820022,0,0,0,0,1,-1
733,28067.888849,44630.002305,-222.208148,0.000000000,0.000000000,-0.999943514,-0.010628646,0,0,0,0,1,-1
734,28065.267706,44630.049469,-222.196958,0.000000000,0.000000000,-0.986838226,-0.161710591,0,0,0,0,1,-1
735,28062.319334,44631.027647,-222.190867,0.000000000,0.000000000,-0.997250536,0.074103773,0,0,0,0,1,-1
736,28060.455825,44630.744340,-222.180689,0.000000000,0.000000000,-0.999668336,-0.025753020,0,0,0,0,1,-1
737,28059.591034,44630.785981,-222.177181,0.000000000,0.000000000,-0.986055246,0.166418303,0,0,0,0,1,-1
738,28055.938343,44629.509472,-222.152169,0.000000000,0.000000000,-0.903150799,0.429323462,0,0,0,0,1,-1
739,28053.498098,44626.505858,-222.120362,0.000000000,0.000000000,-0.781674699,0.623686352,0,0,0,0,1,-1
740,28052.592268,44622.486292,-222.088166,0.000000000,0.000000000,-0.803601710,0.595167448,0,0,0,0,1,-1
741,28051.415809,44618.599019,-222.055714,0.000000000,0.000000000,-0.753561448,0.657377475,0,0,0,0,1,-1
742,28050.887978,44614.669419,-222.025816,0.000000000,0.000000000,-0.752712839,0.658348982,0,0,0,0,1,-1
743,28050.316427,44610.329134,-221.992846,0.000000000,0.000000000,-0.733561718,0.679622841,0,0,0,0,1,-1
744,28050.014332,44606.222716,-221.962704,0.000000000,0.000000000,-0.734059521,0.679085134,0,0,0,0,1,-1
745,28049.711989,44602.193969,-221.933109,0.000000000,0.000000000,-0.731378055,0.681972243,0,0,0,0,1,-1
746,28049.428299,44597.965555,-221.902197,0.000000000,0.000000000,-0.717860613,0.696186857,0,0,0,0,1,-1
747,28049.315310,44593.870833,-221.872976,0.000000000,0.000000000,-0.641311729,0.767280435,0,0,0,0,1,-1
748,28050.094421,44589.645789,-221.846763,0.000000000,0.000000000,-0.721579236,0.692331861,0,0,0,0,1,-1
749,28049.936470,44585.528732,-221.817193,0.000000000,0.000000000,-0.738534757,0.674215405,0,0,0,0,1,-1
750,28049.571398,44581.399923,-221.786633,0.000000000,0.000000000,-0.752486716,0.658607426,0,0,0,0,1,-1
751,28049.008709,44577.104050,-221.754037,0.000000000,0.000000000,-0.740659832,0.671880208,0,0,0,0,1,-1
752,28048.634061,44573.152744,-221.724686,0.000000000,0.000000000,-0.772595162,0.634898981,0,0,0,0,1,-1
753,28047.854248,44569.155771,-221.693237,0.000000000,0.000000000,-0.772595162,0.634898981,0,0,0,0,1,-1
