label,latitude,longitude,heading_deg,right_is_open,left_is_open,line_is_stop,signal_is_stop,isnot_skipnum,node,,,,,,,,,,,,,,,,
1000,36.0820385,140.079454,99.467493,0,0,0,0,1,-1,,,,,,,,,,,,,,,,
1001,36.0820335,140.0794911,85.346095,0,0,0,1,1,1,0,0,0,0,0,0,0,0,0,0,0,0,0,0,0,0
1002,36.082034,140.0794987,95.039262,2,2,0,0,1,-1,,,,,,,,,,,,,,,,
1003,36.0820309,140.0795422,91.844779,2,2,0,0,1,-1,,,,,,,,,,,,,,,,
1004,36.0820297,140.0795883,93.547932,2,2,0,0,1,-1,,,,,,,,,,,,,,,,
1005,36.0820274,140.0796342,116.955460,2,2,0,0,1,-1,,,,,,,,,,,,,,,,
1006,36.0820117,140.0796724,121.389703,2,2,0,0,1,-1,,,,,,,,,,,,,,,,
1007,36.0819938,140.0797087,96.573215,2,2,0,0,1,-1,,,,,,,,,,,,,,,,
1008,36.0819896,140.0797538,105.082554,2,2,0,0,1,-1,,,,,,,,,,,,,,,,
1009,36.0819803,140.0797965,101.079452,2,2,0,0,1,-1,,,,,,,,,,,,,,,,
1010,36.0819734,140.0798401,96.459624,2,2,0,0,1,-1,,,,,,,,,,,,,,,,
1011,36.0819692,140.079886,101.866184,2,2,0,0,1,-1,,,,,,,,,,,,,,,,
1012,36.081962,140.0799284,99.877677,2,2,0,0,1,-1,,,,,,,,,,,,,,,,
1013,36.0819554,140.0799753,98.264668,2,2,0,0,1,-1,,,,,,,,,,,,,,,,
1014,36.08195,140.0800213,94.403231,2,2,0,0,1,-1,,,,,,,,,,,,,,,,
1015,36.0819471,140.0800679,95.346239,2,2,0,0,1,-1,,,,,,,,,,,,,,,,
1016,36.0819435,140.0801155,105.888976,2,2,0,0,1,-1,,,,,,,,,,,,,,,,
1017,36.0819337,140.0801581,105.169464,2,2,0,0,1,-1,,,,,,,,,,,,,,,,
1018,36.0819243,140.080201,117.333057,2,2,0,0,1,-1,,,,,,,,,,,,,,,,
1019,36.0819078,140.0802405,144.746534,2,2,0,0,1,-1,,,,,,,,,,,,,,,,
1020,36.0818775,140.080267,157.297992,2,2,0,0,1,-1,,,,,,,,,,,,,,,,
1021,36.0818435,140.0802846,164.436190,2,2,0,0,1,-1,,,,,,,,,,,,,,,,
1022,36.0818081,140.0802968,156.086318,2,2,0,0,1,-1,,,,,,,,,,,,,,,,
1023,36.0817742,140.0803154,160.455448,2,2,0,0,1,-1,,,,,,,,,,,,,,,,
1024,36.0817421,140.0803295,167.287501,2,2,0,0,1,-1,,,,,,,,,,,,,,,,
1025,36.0817052,140.0803398,170.719760,2,2,0,0,1,-1,,,,,,,,,,,,,,,,
1026,36.0816686,140.0803472,173.243295,2,2,0,0,1,-1,,,,,,,,,,,,,,,,
1027,36.0816304,140.0803528,185.751977,2,2,0,0,1,-1,,,,,,,,,,,,,,,,
1028,36.0815959,140.0803485,182.599634,2,2,0,0,1,-1,,,,,,,,,,,,,,,,
1029,36.0815603,140.0803465,182.612197,2,2,0,0,1,-1,,,,,,,,,,,,,,,,
1030,36.0815231,140.0803444,182.280506,2,2,0,0,1,-1,,,,,,,,,,,,,,,,
1031,36.0814886,140.0803427,184.989862,2,2,0,0,1,-1,,,,,,,,,,,,,,,,
1032,36.0814525,140.0803388,183.920012,2,2,0,0,1,-1,,,,,,,,,,,,,,,,
1033,36.0814124,140.0803354,182.654964,2,2,0,0,1,-1,,,,,,,,,,,,,,,,
1034,36.0813758,140.0803333,185.337730,2,2,0,0,1,-1,,,,,,,,,,,,,,,,
1035,36.0813412,140.0803293,183.852967,2,2,0,0,1,-1,,,,,,,,,,,,,,,,
1036,36.081304,140.0803262,178.534184,2,2,0,0,1,-1,,,,,,,,,,,,,,,,
1037,36.0812661,140.0803274,176.651946,2,2,0,0,1,-1,,,,,,,,,,,,,,,,
1038,36.0812288,140.0803301,163.110301,2,2,0,0,1,-1,,,,,,,,,,,,,,,,
1039,36.0811926,140.0803437,152.393027,2,2,0,0,1,-1,,,,,,,,,,,,,,,,
1040,36.0811603,140.0803646,142.849794,2,2,0,0,1,-1,,,,,,,,,,,,,,,,
1041,36.0811331,140.0803901,140.357090,2,2,0,0,1,-1,,,,,,,,,,,,,,,,
1042,36.0811053,140.0804186,130.763031,2,2,0,0,1,-1,,,,,,,,,,,,,,,,
1043,36.0810821,140.0804519,130.123212,2,2,0,0,1,-1,,,,,,,,,,,,,,,,
1044,36.0810601,140.0804842,126.688512,2,2,0,0,1,-1,,,,,,,,,,,,,,,,
1045,36.0810377,140.0805214,135.820945,2,2,0,0,1,-1,,,,,,,,,,,,,,,,
1046,36.0810125,140.0805517,132.039643,2,2,0,0,1,-1,,,,,,,,,,,,,,,,
1047,36.0809894,140.0805834,134.121830,2,2,0,0,1,-1,,,,,,,,,,,,,,,,
1048,36.0809633,140.0806167,137.259328,2,2,0,0,1,-1,,,,,,,,,,,,,,,,
1049,36.0809375,140.0806462,145.138219,2,2,0,0,1,-1,,,,,,,,,,,,,,,,
1050,36.0809078,140.0806718,154.507903,2,2,0,0,1,-1,,,,,,,,,,,,,,,,
1051,36.0808739,140.0806918,165.481937,2,2,0,0,1,-1,,,,,,,,,,,,,,,,
1052,36.0808352,140.0807042,165.001580,2,2,0,0,1,-1,,,,,,,,,,,,,,,,
1053,36.0807987,140.0807163,186.709087,2,2,0,0,1,-1,,,,,,,,,,,,,,,,
1054,36.0807616,140.0807109,239.262511,2,2,0,0,1,-1,,,,,,,,,,,,,,,,
1055,36.0807418,140.0806697,260.042197,2,2,0,0,1,-1,,,,,,,,,,,,,,,,
1056,36.0807355,140.0806253,245.696913,2,2,0,0,1,-1,,,,,,,,,,,,,,,,
1057,36.0807205,140.0805842,247.290186,2,2,0,0,1,-1,,,,,,,,,,,,,,,,
1058,36.0807067,140.0805434,249.146229,2,2,0,0,1,-1,,,,,,,,,,,,,,,,
1059,36.0806934,140.0805002,252.849475,2,2,0,0,1,-1,,,,,,,,,,,,,,,,
1060,36.0806828,140.0804577,252.198286,2,2,0,0,1,-1,,,,,,,,,,,,,,,,
1061,36.0806712,140.080413,254.608567,2,2,0,0,1,-1,,,,,,,,,,,,,,,,
1062,36.0806617,140.0803703,244.096305,2,2,0,0,1,-1,,,,,,,,,,,,,,,,
1063,36.080646,140.0803303,222.942536,2,2,0,0,1,-1,,,,,,,,,,,,,,,,
1064,36.0806427,140.0803265,167.347055,2,2,0,0,1,-1,,,,,,,,,,,,,,,,
1065,36.0806409,140.080327,71.352769,2,2,0,0,1,-1,,,,,,,,,,,,,,,,
1066,36.0806526,140.0803699,62.737981,2,2,0,0,1,-1,,,,,,,,,,,,,,,,
1067,36.0806693,140.08041,73.686725,2,2,0,0,1,-1,,,,,,,,,,,,,,,,
1068,36.0806794,140.0804527,69.925384,2,2,0,0,1,-1,,,,,,,,,,,,,,,,
1069,36.0806921,140.0804957,69.620642,2,2,0,0,1,-1,,,,,,,,,,,,,,,,
1070,36.0807051,140.080539,72.047788,2,2,0,0,1,-1,,,,,,,,,,,,,,,,
1071,36.0807167,140.0805833,79.028260,2,2,0,0,1,-1,,,,,,,,,,,,,,,,
1072,36.0807235,140.0806267,71.300874,2,2,0,0,1,-1,,,,,,,,,,,,,,,,
1073,36.0807357,140.0806713,60.545143,2,2,0,0,1,-1,,,,,,,,,,,,,,,,
1074,36.0807535,140.0807103,29.648116,2,2,0,0,1,-1,,,,,,,,,,,,,,,,
1075,36.0807792,140.0807284,350.818271,2,2,0,0,1,-1,,,,,,,,,,,,,,,,
1076,36.0808162,140.080721,348.515920,2,2,0,0,1,-1,,,,,,,,,,,,,,,,
1077,36.0808524,140.0807119,340.534846,2,2,0,0,1,-1,,,,,,,,,,,,,,,,
1078,36.0808867,140.0806969,326.969073,2,2,0,0,1,-1,,,,,,,,,,,,,,,,
1079,36.0809179,140.0806718,319.677731,2,2,0,0,1,-1,,,,,,,,,,,,,,,,
1080,36.0809478,140.0806404,311.275725,2,2,0,0,1,-1,,,,,,,,,,,,,,,,
1081,36.0809727,140.0806053,315.271223,2,2,0,0,1,-1,,,,,,,,,,,,,,,,
1082,36.0809984,140.0805738,315.822061,2,2,0,0,1,-1,,,,,,,,,,,,,,,,
1083,36.0810241,140.0805429,310.725854,2,2,0,0,1,-1,,,,,,,,,,,,,,,,
1084,36.0810472,140.0805097,311.505186,2,2,0,0,1,-1,,,,,,,,,,,,,,,,
1085,36.0810708,140.0804767,317.315252,2,2,0,0,1,-1,,,,,,,,,,,,,,,,
1086,36.0810963,140.0804476,312.946684,2,2,0,0,1,-1,,,,,,,,,,,,,,,,
1087,36.0811215,140.0804141,323.033479,2,2,0,0,1,-1,,,,,,,,,,,,,,,,
1088,36.0811506,140.080387,325.929814,2,2,0,0,1,-1,,,,,,,,,,,,,,,,
1089,36.0811794,140.0803629,340.775296,2,2,0,0,1,-1,,,,,,,,,,,,,,,,
1090,36.0812137,140.0803481,349.592043,2,2,0,0,1,-1,,,,,,,,,,,,,,,,
1091,36.0812401,140.0803421,14.665266,2,2,0,0,1,-1,,,,,,,,,,,,,,,,
1092,36.0812506,140.0803455,349.879612,2,2,0,0,1,-1,,,,,,,,,,,,,,,,
1093,36.0812669,140.0803419,7.671401,2,2,0,0,1,-1,,,,,,,,,,,,,,,,
1094,36.0812687,140.0803422,1.064370,2,2,0,0,1,-1,,,,,,,,,,,,,,,,
1095,36.0812774,140.0803424,8.473246,2,2,0,0,1,-1,,,,,,,,,,,,,,,,
1096,36.0812991,140.0803464,0.989334,2,2,0,0,1,-1,,,,,,,,,,,,,,,,
1097,36.0813225,140.0803469,8.935674,2,2,0,0,1,-1,,,,,,,,,,,,,,,,
1098,36.0813482,140.0803519,2.333435,2,2,0,0,1,-1,,,,,,,,,,,,,,,,
1099,36.0813601,140.0803525,11.919699,2,2,0,0,1,-1,,,,,,,,,,,,,,,,
1100,36.0813735,140.080356,3.774561,2,2,0,0,1,-1,,,,,,,,,,,,,,,,
1101,36.0813833,140.0803568,12.858310,2,2,0,0,1,-1,,,,,,,,,,,,,,,,
1102,36.0813964,140.0803605,0.504677,2,2,0,0,1,-1,,,,,,,,,,,,,,,,
1103,36.0814331,140.0803609,0.378512,2,2,0,0,1,-1,,,,,,,,,,,,,,,,
1104,36.0814698,140.0803612,357.583887,2,2,0,0,1,-1,,,,,,,,,,,,,,,,
1105,36.0814947,140.0803599,7.087521,2,2,0,0,1,-1,,,,,,,,,,,,,,,,
1106,36.0814986,140.0803605,3.136207,2,2,0,0,1,-1,,,,,,,,,,,,,,,,
1107,36.0815045,140.0803609,12.604397,2,2,0,0,1,-1,,,,,,,,,,,,,,,,
1108,36.0815298,140.0803679,0.944920,2,2,0,0,1,-1,,,,,,,,,,,,,,,,
1109,36.0815396,140.0803681,9.246562,2,2,0,0,1,-1,,,,,,,,,,,,,,,,
1110,36.0815535,140.0803709,356.995920,2,2,0,0,1,-1,,,,,,,,,,,,,,,,
1111,36.0815689,140.0803699,9.865748,2,2,0,0,1,-1,,,,,,,,,,,,,,,,
1112,36.0815847,140.0803733,349.551949,2,2,0,0,1,-1,,,,,,,,,,,,,,,,
1113,36.0816202,140.0803652,352.455007,2,2,0,0,1,-1,,,,,,,,,,,,,,,,
1114,36.0816562,140.0803593,332.046397,2,2,0,0,1,-1,,,,,,,,,,,,,,,,
1115,36.0816894,140.0803375,349.473708,2,2,0,0,1,-1,,,,,,,,,,,,,,,,
1116,36.0817255,140.0803292,354.522911,2,2,0,0,1,-1,,,,,,,,,,,,,,,,
1117,36.0817373,140.0803278,5.539296,2,2,0,0,1,-1,,,,,,,,,,,,,,,,
1118,36.0817473,140.080329,355.220927,2,2,0,0,1,-1,,,,,,,,,,,,,,,,
1119,36.081785,140.0803251,4.862517,2,2,0,0,1,-1,,,,,,,,,,,,,,,,
1120,36.0817869,140.0803253,7.121381,2,2,0,0,1,-1,,,,,,,,,,,,,,,,
1121,36.0818076,140.0803285,3.899220,2,2,0,0,1,-1,,,,,,,,,,,,,,,,
1122,36.0818159,140.0803292,20.617307,2,2,0,0,1,-1,,,,,,,,,,,,,,,,
1123,36.0818507,140.0803454,26.020507,2,2,0,0,1,-1,,,,,,,,,,,,,,,,
1124,36.0818853,140.0803663,48.672319,2,2,0,0,1,-1,,,,,,,,,,,,,,,,
1125,36.0819079,140.0803981,57.389404,2,2,0,0,1,-1,,,,,,,,,,,,,,,,
1126,36.0819276,140.0804362,76.958147,2,2,0,0,1,-1,,,,,,,,,,,,,,,,
1127,36.0819355,140.0804784,88.084614,2,2,0,0,1,-1,,,,,,,,,,,,,,,,
1128,36.0819367,140.0805228,92.760001,2,2,0,0,1,-1,,,,,,,,,,,,,,,,
1129,36.0819349,140.080569,93.263514,2,2,0,0,1,-1,,,,,,,,,,,,,,,,
1130,36.0819329,140.0806124,97.693071,2,2,0,0,1,-1,,,,,,,,,,,,,,,,
1131,36.0819279,140.0806582,90.328202,2,2,0,0,1,-1,,,,,,,,,,,,,,,,
1132,36.0819277,140.0807014,98.584687,2,2,0,0,1,-1,,,,,,,,,,,,,,,,
1133,36.0819221,140.0807473,98.599788,2,2,0,0,1,-1,,,,,,,,,,,,,,,,
1134,36.0819166,140.0807923,101.281272,2,2,0,0,1,-1,,,,,,,,,,,,,,,,
1135,36.0819097,140.0808351,94.522682,2,2,0,0,1,-1,,,,,,,,,,,,,,,,
1136,36.0819069,140.0808789,85.386385,2,2,0,0,1,-1,,,,,,,,,,,,,,,,
1137,36.0819099,140.0809249,65.300965,2,2,0,0,1,-1,,,,,,,,,,,,,,,,
1138,36.0819254,140.0809666,56.179920,2,2,0,0,1,-1,,,,,,,,,,,,,,,,
1139,36.081945,140.0810028,52.752600,2,2,0,0,1,-1,,,,,,,,,,,,,,,,
1140,36.0819662,140.0810373,31.969734,2,2,0,0,1,-1,,,,,,,,,,,,,,,,
1141,36.0819965,140.0810607,30.408196,2,2,0,0,1,-1,,,,,,,,,,,,,,,,
1142,36.0820133,140.0810729,1.714488,2,2,0,0,1,-1,,,,,,,,,,,,,,,,
1143,36.0820214,140.0810732,5.768555,2,2,0,0,1,-1,,,,,,,,,,,,,,,,
1144,36.0820262,140.0810738,5.768555,2,2,0,0,1,-1,,,,,,,,,,,,,,,,
1145,36.0820262,140.0810738,2.570773,2,2,0,0,1,-1,,,,,,,,,,,,,,,,
1146,36.0820316,140.0810741,357.108396,2,2,0,0,1,-1,,,,,,,,,,,,,,,,
1147,36.0820332,140.081074,5.386325,2,2,0,0,1,-1,,,,,,,,,,,,,,,,
1148,36.0820392,140.0810747,7.671327,2,2,0,0,1,-1,,,,,,,,,,,,,,,,
1149,36.082041,140.081075,3.852931,2,2,0,0,1,-1,,,,,,,,,,,,,,,,
1150,36.0820422,140.0810751,214.237952,2,2,1,0,1,1,0,0,0,0,0,0,0,0,0,0,0,0,0,0,0,0
1151,36.0820384,140.0810719,355.798004,2,2,0,0,1,-1,,,,,,,,,,,,,,,,
1152,36.0820395,140.0810718,9.089936,2,2,0,0,1,-1,,,,,,,,,,,,,,,,
1153,36.0820592,140.0810757,352.712813,2,2,0,0,1,-1,,,,,,,,,,,,,,,,
1154,36.082075,140.0810732,38.294453,2,2,0,0,1,-1,,,,,,,,,,,,,,,,
1155,36.0820924,140.0810902,0.000000,2,2,0,0,1,-1,,,,,,,,,,,,,,,,
1156,36.0821168,140.0810902,13.276833,2,2,0,0,1,-1,,,,,,,,,,,,,,,,
1157,36.0821305,140.0810942,91.740186,2,2,0,0,1,-1,,,,,,,,,,,,,,,,
1158,36.0821294,140.081139,104.818525,2,2,0,0,1,-1,,,,,,,,,,,,,,,,
1159,36.0821198,140.0811839,98.581025,2,2,0,0,1,-1,,,,,,,,,,,,,,,,
1160,36.0821143,140.081229,93.673479,2,2,0,0,1,-1,,,,,,,,,,,,,,,,
1161,36.0821121,140.0812714,98.076272,2,2,0,0,1,-1,,,,,,,,,,,,,,,,
1162,36.0821071,140.081315,96.520910,2,2,0,0,1,-1,,,,,,,,,,,,,,,,
1163,36.0821031,140.0813583,92.507954,2,2,0,0,1,-1,,,,,,,,,,,,,,,,
1164,36.0821015,140.0814035,92.356596,2,2,0,0,1,-1,,,,,,,,,,,,,,,,
1165,36.0821,140.0814486,98.282439,2,2,0,0,1,-1,,,,,,,,,,,,,,,,
1166,36.0820946,140.0814945,93.241164,2,2,0,0,1,-1,,,,,,,,,,,,,,,,
1167,36.0820926,140.0815382,95.474027,2,2,0,0,1,-1,,,,,,,,,,,,,,,,
1168,36.0820892,140.0815821,91.763793,2,2,0,0,1,-1,,,,,,,,,,,,,,,,
1169,36.0820881,140.0816263,86.808437,2,2,0,0,1,-1,,,,,,,,,,,,,,,,
1170,36.0820902,140.0816729,94.705592,2,2,0,0,1,-1,,,,,,,,,,,,,,,,
1171,36.0820871,140.0817195,89.245824,2,2,0,0,1,-1,,,,,,,,,,,,,,,,
1172,36.0820876,140.0817665,92.391688,2,2,0,0,1,-1,,,,,,,,,,,,,,,,
1173,36.082086,140.0818139,103.179612,2,2,0,0,1,-1,,,,,,,,,,,,,,,,
1174,36.0820779,140.0818567,99.298429,2,2,0,0,1,-1,,,,,,,,,,,,,,,,
1175,36.0820718,140.0819028,93.618707,2,2,0,0,1,-1,,,,,,,,,,,,,,,,
1176,36.0820695,140.0819478,86.881890,2,2,0,0,1,-1,,,,,,,,,,,,,,,,
1177,36.0820716,140.0819955,89.340525,2,2,0,0,1,-1,,,,,,,,,,,,,,,,
1178,36.082072,140.0820385,88.651275,2,2,0,0,1,-1,,,,,,,,,,,,,,,,
1179,36.0820729,140.0820858,92.103241,2,2,0,0,1,-1,,,,,,,,,,,,,,,,
1180,36.0820716,140.0821296,97.883385,2,2,0,0,1,-1,,,,,,,,,,,,,,,,
1181,36.0820669,140.0821716,86.855924,2,2,0,0,1,-1,,,,,,,,,,,,,,,,
1182,36.0820688,140.0822144,95.050814,2,2,0,0,1,-1,,,,,,,,,,,,,,,,
1183,36.0820655,140.0822606,87.034926,2,2,0,0,1,-1,,,,,,,,,,,,,,,,
1184,36.0820673,140.0823036,91.074032,2,2,0,0,1,-1,,,,,,,,,,,,,,,,
1185,36.0820666,140.0823498,96.957556,2,2,0,0,1,-1,,,,,,,,,,,,,,,,
1186,36.0820623,140.0823934,89.999987,2,2,0,0,1,-1,,,,,,,,,,,,,,,,
1187,36.0820623,140.0824366,92.618207,2,2,0,0,1,-1,,,,,,,,,,,,,,,,
1188,36.0820606,140.0824826,97.380014,2,2,0,0,1,-1,,,,,,,,,,,,,,,,
1189,36.0820559,140.0825275,97.772542,2,2,0,0,1,-1,,,,,,,,,,,,,,,,
1190,36.0820513,140.0825692,85.137639,2,2,0,0,1,-1,,,,,,,,,,,,,,,,
1191,36.0820546,140.0826172,91.679490,2,2,0,0,1,-1,,,,,,,,,,,,,,,,
1192,36.0820536,140.0826594,95.181454,2,2,0,0,1,-1,,,,,,,,,,,,,,,,
1193,36.0820505,140.0827017,25.818778,2,2,0,0,1,-1,,,,,,,,,,,,,,,,
1194,36.0820804,140.0827196,17.320075,2,2,0,0,1,-1,,,,,,,,,,,,,,,,
1195,36.0820988,140.0827267,356.863817,2,2,0,0,1,-1,,,,,,,,,,,,,,,,
1196,36.0821106,140.0827259,13.002098,2,2,0,0,1,-1,,,,,,,,,,,,,,,,
1197,36.0821225,140.0827293,2.156558,2,2,0,0,1,-1,,,,,,,,,,,,,,,,
1198,36.0821504,140.0827306,353.982452,2,2,0,0,1,-1,,,,,,,,,,,,,,,,
1199,36.0821642,140.0827288,354.961583,2,2,0,0,1,-1,,,,,,,,,,,,,,,,
1200,36.0821752,140.0827276,348.353786,2,2,0,0,1,-1,,,,,,,,,,,,,,,,
1201,36.0821901,140.0827238,355.292763,2,2,0,0,1,-1,,,,,,,,,,,,,,,,
1202,36.0822166,140.0827211,3.852922,2,2,0,0,1,-1,,,,,,,,,,,,,,,,
1203,36.082219,140.0827213,18.551600,2,2,0,0,1,-1,,,,,,,,,,,,,,,,
1204,36.0822426,140.0827311,12.352134,2,2,0,0,1,-1,,,,,,,,,,,,,,,,
1205,36.0822581,140.0827353,27.216366,2,2,0,0,1,-1,,,,,,,,,,,,,,,,
1206,36.0822746,140.0827458,137.979073,2,2,0,0,1,-1,,,,,,,,,,,,,,,,
1207,36.0822659,140.0827555,262.579096,2,2,0,0,1,-1,,,,,,,,,,,,,,,,
1208,36.0822641,140.0827384,217.958181,2,2,0,0,1,-1,,,,,,,,,,,,,,,,
1209,36.0822497,140.0827245,176.732940,2,2,0,0,1,-1,,,,,,,,,,,,,,,,
1210,36.0822228,140.0827264,187.782753,2,2,0,0,1,-1,,,,,,,,,,,,,,,,
1211,36.0821956,140.0827218,187.671314,2,2,0,0,1,-1,,,,,,,,,,,,,,,,
1212,36.08218,140.0827192,177.436342,2,2,0,0,1,-1,,,,,,,,,,,,,,,,
1213,36.0821439,140.0827212,177.300876,2,2,0,0,1,-1,,,,,,,,,,,,,,,,
1214,36.0821079,140.0827233,184.995799,2,2,0,0,1,-1,,,,,,,,,,,,,,,,
1215,36.0820589,140.082718,195.420322,2,2,0,0,1,-1,,,,,,,,,,,,,,,,
1216,36.0820296,140.082708,253.735115,2,2,0,0,1,-1,,,,,,,,,,,,,,,,
1217,36.0820184,140.0826605,266.716132,2,2,0,0,1,-1,,,,,,,,,,,,,,,,
1218,36.0820161,140.0826109,274.822363,2,2,0,0,1,-1,,,,,,,,,,,,,,,,
1219,36.0820191,140.0825669,281.789021,2,2,0,0,1,-1,,,,,,,,,,,,,,,,
1220,36.0820261,140.0825254,283.445061,2,2,0,0,1,-1,,,,,,,,,,,,,,,,
1221,36.0820352,140.0824783,282.073895,2,2,0,0,1,-1,,,,,,,,,,,,,,,,
1222,36.0820417,140.0824407,262.354250,2,2,0,0,1,-1,,,,,,,,,,,,,,,,
1223,36.0820371,140.0823983,271.112580,2,2,0,0,1,-1,,,,,,,,,,,,,,,,
1224,36.0820378,140.0823537,271.968553,2,2,0,0,1,-1,,,,,,,,,,,,,,,,
1225,36.0820391,140.0823069,275.579308,2,2,0,0,1,-1,,,,,,,,,,,,,,,,
1226,36.0820424,140.0822651,277.395241,2,2,0,0,1,-1,,,,,,,,,,,,,,,,
1227,36.0820469,140.0822222,268.957551,2,2,0,0,1,-1,,,,,,,,,,,,,,,,
1228,36.0820462,140.0821746,272.147349,2,2,0,0,1,-1,,,,,,,,,,,,,,,,
1229,36.0820475,140.0821317,269.079375,2,2,0,0,1,-1,,,,,,,,,,,,,,,,
1230,36.0820469,140.0820855,268.167140,2,2,0,0,1,-1,,,,,,,,,,,,,,,,
1231,36.0820457,140.0820391,273.579070,2,2,0,0,1,-1,,,,,,,,,,,,,,,,
1232,36.082048,140.0819936,268.435384,2,2,0,0,1,-1,,,,,,,,,,,,,,,,
1233,36.082047,140.0819483,280.244910,2,2,0,0,1,-1,,,,,,,,,,,,,,,,
1234,36.0820535,140.0819038,271.368976,2,2,0,0,1,-1,,,,,,,,,,,,,,,,
1235,36.0820544,140.0818572,284.791438,2,2,0,0,1,-1,,,,,,,,,,,,,,,,
1236,36.082063,140.0818169,274.861385,2,2,0,0,1,-1,,,,,,,,,,,,,,,,
1237,36.0820661,140.0817718,271.796310,2,2,0,0,1,-1,,,,,,,,,,,,,,,,
1238,36.0820672,140.0817284,271.885682,2,2,0,0,1,-1,,,,,,,,,,,,,,,,
1239,36.0820684,140.0816833,264.208723,2,2,0,0,1,-1,,,,,,,,,,,,,,,,
1240,36.0820649,140.0816406,275.994392,2,2,0,0,1,-1,,,,,,,,,,,,,,,,
1241,36.0820686,140.081597,262.088359,2,2,0,0,1,-1,,,,,,,,,,,,,,,,
1242,36.0820634,140.0815507,275.961140,2,2,0,0,1,-1,,,,,,,,,,,,,,,,
1243,36.0820674,140.0815033,276.812789,2,2,0,0,1,-1,,,,,,,,,,,,,,,,
1244,36.0820716,140.0814598,269.081362,2,2,0,0,1,-1,,,,,,,,,,,,,,,,
1245,36.082071,140.0814135,270.800134,2,2,0,0,1,-1,,,,,,,,,,,,,,,,
1246,36.0820715,140.0813692,271.386825,2,2,0,0,1,-1,,,,,,,,,,,,,,,,
1247,36.0820724,140.0813232,276.562672,2,2,0,0,1,-1,,,,,,,,,,,,,,,,
1248,36.0820769,140.0812748,270.333634,2,2,0,0,1,-1,,,,,,,,,,,,,,,,
1249,36.0820771,140.0812323,271.285880,2,2,0,0,1,-1,,,,,,,,,,,,,,,,
1250,36.0820779,140.0811882,281.936245,2,2,0,0,1,-1,,,,,,,,,,,,,,,,
1251,36.0820854,140.0811443,270.358064,2,2,0,0,1,-1,,,,,,,,,,,,,,,,
1252,36.0820856,140.0811047,211.221338,2,2,0,0,1,-1,,,,,,,,,,,,,,,,
1253,36.0820732,140.0810954,172.632088,2,2,0,0,1,-1,,,,,,,,,,,,,,,,
1254,36.0820682,140.0810962,182.097476,2,2,1,0,1,1,0,0,0,0,0,0,0,0,0,0,0,0,0,0,0,0
1255,36.0820351,140.0810947,183.689441,2,2,0,0,1,-1,,,,,,,,,,,,,,,,
1256,36.0819975,140.0810917,206.490502,2,2,0,0,1,-1,,,,,,,,,,,,,,,,
1257,36.0819855,140.0810843,260.111815,2,2,0,0,1,-1,,,,,,,,,,,,,,,,
1258,36.0819794,140.081041,292.859914,2,2,0,0,1,-1,,,,,,,,,,,,,,,,
1259,36.0819917,140.0810049,269.848529,2,2,0,0,1,-1,,,,,,,,,,,,,,,,
1260,36.0819916,140.0809581,270.912751,2,2,0,0,1,-1,,,,,,,,,,,,,,,,
1261,36.0819922,140.0809115,276.304381,2,2,0,0,1,-1,,,,,,,,,,,,,,,,
1262,36.0819962,140.0808667,272.244416,2,2,0,0,1,-1,,,,,,,,,,,,,,,,
1263,36.0819976,140.0808225,270.000013,2,2,0,0,1,-1,,,,,,,,,,,,,,,,
1264,36.0819976,140.0807775,272.391713,2,2,0,0,1,-1,,,,,,,,,,,,,,,,
1265,36.0819992,140.0807301,272.175576,2,2,0,0,1,-1,,,,,,,,,,,,,,,,
1266,36.0820006,140.0806845,274.933962,2,2,0,0,1,-1,,,,,,,,,,,,,,,,
1267,36.0820036,140.0806415,273.314813,2,2,0,0,1,-1,,,,,,,,,,,,,,,,
1268,36.0820058,140.0805945,270.458378,2,2,0,0,1,-1,,,,,,,,,,,,,,,,
1269,36.0820061,140.0805481,272.060955,2,2,0,0,1,-1,,,,,,,,,,,,,,,,
1270,36.0820074,140.0805034,277.256672,2,2,0,0,1,-1,,,,,,,,,,,,,,,,
1271,36.082012,140.0804587,268.994509,2,2,0,0,1,-1,,,,,,,,,,,,,,,,
1272,36.0820114,140.0804164,276.530185,2,2,0,0,1,-1,,,,,,,,,,,,,,,,
1273,36.0820156,140.080371,270.000014,2,2,0,0,1,-1,,,,,,,,,,,,,,,,
1274,36.0820156,140.0803239,276.745429,2,2,0,0,1,-1,,,,,,,,,,,,,,,,
1275,36.0820195,140.0802831,272.630008,2,2,0,0,1,-1,,,,,,,,,,,,,,,,
1276,36.0820211,140.08024,270.634397,2,2,0,0,1,-1,,,,,,,,,,,,,,,,
1277,36.0820215,140.0801953,280.432155,2,2,0,0,1,-1,,,,,,,,,,,,,,,,
1278,36.0820283,140.0801496,274.899946,2,2,0,0,1,-1,,,,,,,,,,,,,,,,
1279,36.0820313,140.0801063,275.752872,2,2,0,0,1,-1,,,,,,,,,,,,,,,,
1280,36.0820352,140.0800584,270.625995,2,2,0,0,1,-1,,,,,,,,,,,,,,,,
1281,36.0820356,140.0800131,270.160409,2,2,0,0,1,-1,,,,,,,,,,,,,,,,
1282,36.0820357,140.0799689,276.566030,2,2,0,0,1,-1,,,,,,,,,,,,,,,,
1283,36.0820401,140.0799216,269.306693,2,2,0,0,1,-1,,,,,,,,,,,,,,,,
1284,36.0820397,140.0798807,238.931787,2,2,0,0,1,-1,,,,,,,,,,,,,,,,
1285,36.0820211,140.0798425,232.518580,2,2,0,0,1,-1,,,,,,,,,,,,,,,,
1286,36.0819991,140.079807,246.416639,2,2,0,0,1,-1,,,,,,,,,,,,,,,,
1287,36.081984,140.0797642,262.862227,2,2,0,0,1,-1,,,,,,,,,,,,,,,,
1288,36.0819798,140.0797227,267.915767,0,0,1,0,1,1,0,0,0,0,0,0,0,0,0,0,0,0,0,0,0,0
1289,36.0819797,140.0797193,266.199142,0,0,0,0,1,-1,,,,,,,,,,,,,,,,
1290,36.0819773,140.0796746,268.148911,0,0,0,0,1,-1,,,,,,,,,,,,,,,,
1291,36.0819766,140.0796478,276.893102,0,0,0,1,1,1,0,0,0,0,0,0,0,0,0,0,0,0,0,0,0,0
1292,36.0819783,140.0796304,268.970526,0,0,0,0,1,-1,,,,,,,,,,,,,,,,
1293,36.0819776,140.0795822,290.867134,0,0,0,0,1,-1,,,,,,,,,,,,,,,,
1294,36.0819898,140.0795426,276.390624,0,0,0,0,1,-1,,,,,,,,,,,,,,,,
1295,36.081994,140.0794962,345.891184,0,0,0,0,1,-1,,,,,,,,,,,,,,,,
1296,36.0820149,140.0794897,14.044295,0,0,0,0,1,-1,,,,,,,,,,,,,,,,
1297,36.0820233,140.0794923,359.328944,0,0,0,0,1,-1,,,,,,,,,,,,,,,,
1298,36.0820302,140.0794922,343.279370,0,0,1,0,1,1,0,0,0,0,0,0,0,0,0,0,0,0,0,0,0,0
1299,36.0820606,140.0794809,6.288937,0,0,0,0,1,-1,,,,,,,,,,,,,,,,
1300,36.082065,140.0794815,38.944249,0,0,0,0,1,-1,,,,,,,,,,,,,,,,
1301,36.0820651,140.0794816,5.768551,0,0,0,1,1,1,0,0,0,0,0,0,0,0,0,0,0,0,0,0,0,0
1302,36.0820659,140.0794817,0.000000,0,2,0,0,1,-1,,,,,,,,,,,,,,,,
1303,36.0820669,140.0794817,12.908337,0,2,0,0,1,-1,,,,,,,,,,,,,,,,
1304,36.0820736,140.0794836,356.037333,0,2,0,0,1,-1,,,,,,,,,,,,,,,,
1305,36.0820771,140.0794833,13.940479,0,2,0,0,1,-1,,,,,,,,,,,,,,,,
1306,36.0820911,140.0794876,3.026478,0,2,0,0,1,-1,,,,,,,,,,,,,,,,
1307,36.0821018,140.0794883,7.946775,0,2,0,0,1,-1,,,,,,,,,,,,,,,,
1308,36.0821128,140.0794902,358.357372,0,2,0,0,1,-1,,,,,,,,,,,,,,,,
1309,36.0821438,140.0794891,15.968339,0,2,0,0,1,-1,,,,,,,,,,,,,,,,
1310,36.0821647,140.0794965,358.611125,0,2,0,0,1,-1,,,,,,,,,,,,,,,,
1311,36.0821747,140.0794962,8.485998,0,2,0,0,1,-1,,,,,,,,,,,,,,,,
1312,36.0821877,140.0794986,2.203908,0,2,0,0,1,-1,,,,,,,,,,,,,,,,
1313,36.0821898,140.0794987,6.615097,0,2,0,0,1,-1,,,,,,,,,,,,,,,,
1314,36.0822121,140.0795019,358.984649,0,2,0,0,1,-1,,,,,,,,,,,,,,,,
1315,36.0822349,140.0795014,12.006601,0,2,0,0,1,-1,,,,,,,,,,,,,,,,
1316,36.0822368,140.0795019,5.402586,0,2,0,0,1,-1,,,,,,,,,,,,,,,,
1317,36.0822462,140.079503,8.782952,0,2,0,0,1,-1,,,,,,,,,,,,,,,,
1318,36.0822666,140.0795069,7.271992,0,2,0,0,1,-1,,,,,,,,,,,,,,,,
1319,36.0822685,140.0795072,11.986830,0,2,0,0,1,-1,,,,,,,,,,,,,,,,
1320,36.0823039,140.0795165,16.580768,0,2,0,0,1,-1,,,,,,,,,,,,,,,,
1321,36.0823096,140.0795186,351.983520,0,2,0,0,1,-1,,,,,,,,,,,,,,,,
1322,36.0823469,140.0795121,7.639841,0,2,0,0,1,-1,,,,,,,,,,,,,,,,
1323,36.082371,140.0795161,0.650320,0,2,0,0,1,-1,,,,,,,,,,,,,,,,
1324,36.0824066,140.0795166,1.310284,0,2,0,0,1,-1,,,,,,,,,,,,,,,,
1325,36.0824172,140.0795169,1.310284,0,2,0,0,1,-1,,,,,,,,,,,,,,,,
1326,36.0824172,140.0795169,8.751262,0,2,0,0,1,-1,,,,,,,,,,,,,,,,
1327,36.0824193,140.0795173,6.483788,0,2,0,0,1,-1,,,,,,,,,,,,,,,,
1328,36.0824257,140.0795182,7.715098,0,2,0,0,1,-1,,,,,,,,,,,,,,,,
1329,36.082443,140.0795211,344.736274,0,2,0,0,1,-1,,,,,,,,,,,,,,,,
1330,36.0824507,140.0795185,7.358484,0,2,0,0,1,-1,,,,,,,,,,,,,,,,
1331,36.0824701,140.0795216,357.011117,0,2,0,0,1,-1,,,,,,,,,,,,,,,,
1332,36.0825057,140.0795193,5.131207,0,2,0,0,1,-1,,,,,,,,,,,,,,,,
1333,36.0825075,140.0795195,9.423113,0,2,0,0,1,-1,,,,,,,,,,,,,,,,
1334,36.0825187,140.0795218,0.464585,0,2,0,0,1,-1,,,,,,,,,,,,,,,,
1335,36.0825486,140.0795221,9.546327,0,2,0,0,1,-1,,,,,,,,,,,,,,,,
1336,36.0825659,140.0795257,0.696277,0,2,0,0,1,-1,,,,,,,,,,,,,,,,
1337,36.0825792,140.0795259,11.208349,0,2,0,0,1,-1,,,,,,,,,,,,,,,,
1338,36.0826,140.079531,359.461590,0,2,0,0,1,-1,,,,,,,,,,,,,,,,
1339,36.0826172,140.0795308,10.386784,0,2,0,0,1,-1,,,,,,,,,,,,,,,,
1340,36.0826366,140.0795352,359.455256,0,2,0,0,1,-1,,,,,,,,,,,,,,,,
1341,36.0826536,140.079535,9.412779,0,2,0,0,1,-1,,,,,,,,,,,,,,,,
1342,36.0826614,140.0795366,2.273418,0,2,0,0,1,-1,,,,,,,,,,,,,,,,
1343,36.0826899,140.079538,13.167160,0,2,0,0,1,-1,,,,,,,,,,,,,,,,
1344,36.0827089,140.0795435,0.000000,0,2,0,0,1,-1,,,,,,,,,,,,,,,,
1345,36.0827311,140.0795435,14.141782,0,2,0,0,1,-1,,,,,,,,,,,,,,,,
1346,36.0827481,140.0795488,0.604476,0,2,0,0,1,-1,,,,,,,,,,,,,,,,
1347,36.0827864,140.0795493,2.313969,0,2,0,0,1,-1,,,,,,,,,,,,,,,,
1348,36.0827904,140.0795495,12.440952,0,2,0,0,1,-1,,,,,,,,,,,,,,,,
1349,36.0828263,140.0795593,11.422364,0,2,0,0,1,-1,,,,,,,,,,,,,,,,
1350,36.0828319,140.0795607,3.227130,0,2,0,0,1,-1,,,,,,,,,,,,,,,,
1351,36.0828491,140.0795619,6.471221,0,2,0,0,1,-1,,,,,,,,,,,,,,,,
1352,36.0828548,140.0795627,0.453956,0,2,0,0,1,-1,,,,,,,,,,,,,,,,
1353,36.0828854,140.079563,14.824154,0,2,0,0,1,-1,,,,,,,,,,,,,,,,
1354,36.0829025,140.0795686,3.190112,0,2,0,0,1,-1,,,,,,,,,,,,,,,,
1355,36.0829141,140.0795694,11.686913,0,2,0,0,1,-1,,,,,,,,,,,,,,,,
1356,36.0829309,140.0795737,356.008038,0,2,0,0,1,-1,,,,,,,,,,,,,,,,
1357,36.0829668,140.0795706,341.501024,0,2,0,0,1,-1,,,,,,,,,,,,,,,,
1358,36.0830011,140.0795564,339.218953,0,2,0,0,1,-1,,,,,,,,,,,,,,,,
1359,36.0830241,140.0795456,285.234490,2,2,0,0,1,-1,,,,,,,,,,,,,,,,
1360,36.0830333,140.0795038,279.612046,3,1,0,0,1,-1,,,,,,,,,,,,,,,,
1361,36.0830395,140.0794585,273.079488,3,1,0,0,1,-1,,,,,,,,,,,,,,,,
1362,36.0830414,140.0794148,272.645708,3,1,0,0,1,-1,,,,,,,,,,,,,,,,
1363,36.0830432,140.0793666,278.558303,3,1,0,0,1,-1,,,,,,,,,,,,,,,,
1364,36.0830486,140.0793222,270.757408,3,1,0,0,1,-1,,,,,,,,,,,,,,,,
1365,36.0830491,140.0792754,278.011415,3,1,0,0,1,-1,,,,,,,,,,,,,,,,
1366,36.0830539,140.0792332,273.983414,3,1,0,0,1,-1,,,,,,,,,,,,,,,,
1367,36.0830565,140.079187,273.700797,3,1,0,0,1,-1,,,,,,,,,,,,,,,,
1368,36.0830588,140.079143,268.772561,3,1,0,0,1,-1,,,,,,,,,,,,,,,,
1369,36.083058,140.0790968,281.063011,3,1,0,0,1,-1,,,,,,,,,,,,,,,,
1370,36.083065,140.0790525,270.463377,3,1,0,0,1,-1,,,,,,,,,,,,,,,,
1371,36.0830653,140.0790066,280.155679,3,1,0,0,1,-1,,,,,,,,,,,,,,,,
1372,36.0830718,140.0789617,279.620386,3,1,0,0,1,-1,,,,,,,,,,,,,,,,
1373,36.0830778,140.0789179,279.518892,3,1,0,0,1,-1,,,,,,,,,,,,,,,,
1374,36.0830836,140.0788751,262.747696,3,1,0,0,1,-1,,,,,,,,,,,,,,,,
1375,36.0830789,140.0788294,280.570441,3,1,0,0,1,-1,,,,,,,,,,,,,,,,
1376,36.0830854,140.0787863,280.066550,3,1,0,0,1,-1,,,,,,,,,,,,,,,,
1377,36.0830921,140.0787396,271.135502,3,1,0,0,1,-1,,,,,,,,,,,,,,,,
1378,36.0830928,140.0786959,282.651991,3,1,0,0,1,-1,,,,,,,,,,,,,,,,
1379,36.083101,140.0786507,272.555228,3,1,0,0,1,-1,,,,,,,,,,,,,,,,
1380,36.0831021,140.0786202,267.771687,3,1,1,0,1,1,0,0,0,0,0,0,0,0,0,0,0,0,0,0,0,0
1381,36.0831016,140.0786043,273.065488,3,1,0,0,1,-1,,,,,,,,,,,,,,,,
1382,36.0831035,140.0785604,268.271350,3,1,0,0,1,-1,,,,,,,,,,,,,,,,
1383,36.0831033,140.0785522,274.512517,3,1,0,0,1,-1,,,,,,,,,,,,,,,,
1384,36.0831061,140.0785083,273.051612,3,1,0,0,1,-1,,,,,,,,,,,,,,,,
1385,36.083108,140.0784642,274.872528,3,1,0,0,1,-1,,,,,,,,,,,,,,,,
1386,36.0831113,140.0784163,275.261177,3,1,0,0,1,-1,,,,,,,,,,,,,,,,
1387,36.0831145,140.0783733,276.109135,3,1,0,0,1,-1,,,,,,,,,,,,,,,,
1388,36.0831186,140.0783259,276.018272,3,1,0,0,1,-1,,,,,,,,,,,,,,,,
1389,36.0831224,140.0782813,272.280877,3,1,0,0,1,-1,,,,,,,,,,,,,,,,
1390,36.0831239,140.0782347,280.918762,3,1,0,0,1,-1,,,,,,,,,,,,,,,,
1391,36.0831309,140.0781898,262.105089,3,1,0,0,1,-1,,,,,,,,,,,,,,,,
1392,36.0831257,140.0781434,275.142255,3,1,0,0,1,-1,,,,,,,,,,,,,,,,
1393,36.0831289,140.0780994,277.388956,3,1,0,0,1,-1,,,,,,,,,,,,,,,,
1394,36.0831337,140.0780536,280.271524,3,1,0,0,1,-1,,,,,,,,,,,,,,,,
1395,36.0831401,140.0780099,276.735489,3,1,0,0,1,-1,,,,,,,,,,,,,,,,
1396,36.0831445,140.0779638,268.400061,3,1,0,0,1,-1,,,,,,,,,,,,,,,,
1397,36.0831435,140.0779195,281.392502,3,1,0,0,1,-1,,,,,,,,,,,,,,,,
1398,36.0831506,140.0778759,274.217985,3,1,0,0,1,-1,,,,,,,,,,,,,,,,
1399,36.0831533,140.0778306,273.983419,3,1,0,0,1,-1,,,,,,,,,,,,,,,,
1400,36.0831559,140.0777844,272.862120,3,1,0,0,1,-1,,,,,,,,,,,,,,,,
1401,36.0831567,140.0777646,268.813627,2,2,1,0,1,1,0,0,0,0,0,0,0,0,0,0,0,0,0,0,0,0
1402,36.0831563,140.0777407,281.217087,2,2,0,0,1,-1,,,,,,,,,,,,,,,,
1403,36.0831634,140.0776964,273.275785,2,2,0,0,1,-1,,,,,,,,,,,,,,,,
1404,36.0831655,140.077651,271.260189,2,2,0,0,1,-1,,,,,,,,,,,,,,,,
1405,36.0831663,140.077606,278.119156,2,2,0,0,1,-1,,,,,,,,,,,,,,,,
1406,36.0831712,140.0775635,234.772351,2,2,0,0,1,-1,,,,,,,,,,,,,,,,
1407,36.0831603,140.0775444,187.008316,2,2,0,0,1,-1,,,,,,,,,,,,,,,,
1408,36.0831248,140.077539,198.486310,2,2,0,0,1,-1,,,,,,,,,,,,,,,,
1409,36.0830912,140.0775251,192.899236,2,2,0,0,1,-1,,,,,,,,,,,,,,,,
1410,36.0830545,140.0775147,189.506403,2,2,0,0,1,-1,,,,,,,,,,,,,,,,
1411,36.0830212,140.0775078,183.728955,2,2,0,0,1,-1,,,,,,,,,,,,,,,,
1412,36.082984,140.0775048,180.885534,2,2,0,0,1,-1,,,,,,,,,,,,,,,,
1413,36.0829474,140.0775041,181.825474,2,2,0,0,1,-1,,,,,,,,,,,,,,,,
1414,36.0829119,140.0775027,189.701395,2,2,0,0,1,-1,,,,,,,,,,,,,,,,
1415,36.0828755,140.077495,189.842402,2,2,0,0,1,-1,,,,,,,,,,,,,,,,
1416,36.0828387,140.0774871,182.744778,2,2,0,0,1,-1,,,,,,,,,,,,,,,,
1417,36.0828033,140.077485,188.461047,2,2,0,0,1,-1,,,,,,,,,,,,,,,,
1418,36.0827669,140.0774783,174.185418,2,2,0,0,1,-1,,,,,,,,,,,,,,,,
1419,36.0827296,140.077483,178.351250,2,2,0,0,1,-1,,,,,,,,,,,,,,,,
1420,36.0826931,140.0774843,183.759200,2,2,0,0,1,-1,,,,,,,,,,,,,,,,
1421,36.0826562,140.0774813,193.710903,2,2,0,0,1,-1,,,,,,,,,,,,,,,,
1422,36.0826456,140.0774781,202.002852,2,2,1,0,1,1,0,0,0,0,0,0,0,0,0,0,0,0,0,0,0,0
1423,36.0826454,140.077478,202.002852,2,2,0,0,1,1,0,0,0,0,0,0,0,0,0,0,0,0,0,0,0,0
